logged_at,ticker,direction,horizon_d,benchmark,thesis,status,entry_date,entry,excess_pct,pattern_tag,notified
2026-06-24T00:49:12+00:00,NOW,long,63,QQQ,"ServiceNow: -33% YTD, dropped 13% on a one-off Mideast deal-delay while RAISING FY subscription guidance; strong-buy consensus, retail/analyst aligned. Betting the timing-overreaction mean-reverts vs tech. Spans 7/21 earnings (event risk). Modest prior (mega-cap = efficient).",open,,,,,
2026-06-24T01:27:19+00:00,META,long,63,QQQ,"Meta: 90% analyst buy, avg target +25%; the selloff was AI-capex fear on a profitable, cost-disciplined compounder that beat earnings. Betting re-rating vs tech. Spans 7/29 earnings (event risk). Mega-cap = modest prior.",open,,,,,
2026-06-24T01:27:19+00:00,NFLX,short,63,QQQ,"Netflix: confirmed downtrend, death cross, Sell consensus across 10-200d, fresh negative catalyst (iHeart deal). Betting the oversold bounce fails and weakness continues vs tech. Low conviction (RSI 27 = bounce risk). Spans 7/16 earnings.",open,,,,,
2026-06-25T02:04:22+00:00,ACN,long,63,XLK,"Accenture: worst-ever single-day drop (-18% Jun 18, -25% on the week) on FY26 rev-growth guidance cut to 3-4% + YoY bookings decline + genAI-disrupts-consulting narrative. Capitulation washout: fwd P/E ~9x vs 22-25x historical, near 52wk low $125.60, RSI oversold, FCF intact ~$3.6B/qtr, 78% analyst buy. Read: idiosyncratic oversold bounce vs its own sector over 63d; NO earnings inside window (Q4 FY26 ~late Sept) so no in-window catalyst for the next leg down. Conviction MODERATE (lean ~55-60%); main risk = value-trap/melting-ice-cube if AI de-rating keeps grinding. Bench XLK to strip tech beta.",open,,,,,
2026-06-25T02:36:06+00:00,FDS,short,63,SPY,"FactSet: Rothschild/Redburn cut to Sell 6/18 (PT 291->215), part of an analyst re-rating cluster; -23% YTD, -8% on week. Thesis: terminal franchise eroding to AI/fragmented data consumption + downgrade momentum, no obvious floor. Conviction med-high. EVENT RISK: Q3 FY26 report ~July 1 (3 trading days into window) is a binary catalyst - a beat could sting short-term, but secular re-rating + PT cuts favor downside over 63d.",open,,,,,
2026-06-25T15:46:51+00:00,CMPS,long,126,XBI,"FDA priority voucher (1-2mo review) + rolling NDA Q4-26; binary approval late-26/early-27; keeping core psychedelics horse, sized small. Bench XBI = measure stock-picking not biotech beta.",open,,,,,
2026-06-25T23:34:56+00:00,MU,long,21,SOXX,"Micron fQ3 (rpt 6/24): fell -11% intraday then +15% AH on a STRUCTURAL guide-beat — guided ~$50B rev @ ~86% GM, $31 EPS, ~14.7% above consensus, PLUS a $100B SCA supply contract w/ $22B deposits raising the FY27/28 floor. HBM sold out; PTs doubled/tripled ($1300-1625). Post-earnings-drift long (PEAD on a large guide-beat, distinct from price-momentum dead-end). Conviction mod-HIGH. Risk: already gapped +15%, crowded AI-memory, shaky tape (VIX~27); no earnings in 21d window. vs SOXX to isolate name-specific drift from semi beta. FAST sleeve.",closed,2026-06-26,1132.16,-7.99,,2026-07-31T05:09:55+00:00
2026-06-25T23:35:02+00:00,FDX,long,63,XLI,"FedEx fQ4 (rpt 6/23): BEAT EPS $6.31 vs $5.92 & rev, but -6/-7% on guidance the Street can't model — guide ($16.90-18.10) covers only delivery ops post-FedEx-Freight spinoff w/ a calendar-yr reporting transition, so 'analysts have not developed comparable models' (uncertainty discount, not a fundamental break). Jefferies: delivery margins near TROUGH, +350bps by 2029; PT cuts KEPT Buy/Outperform (Truist $365, RJ $330). Contrarian long: mechanical selloff = modeling confusion that clears as Street rebuilds models. Conviction MOD. No earnings in 63d window. vs XLI to neutralize industrial beta (FDX is a minority XLI holding).",open,,,,,
2026-06-26T17:32:31+00:00,ILLR,short,21,IWM,"Triller: 1:10 reverse split 6/23 + Nasdaq delist deadline 6/30, negative equity/shrinking rev; SpaceX-treasury-asset narrative PUMP already round-tripped ~$0->$6->~$4 — spent-catalyst spike-fade (Arc5#3). Fade the borrowed-narrative meme; own the real SPCX.",closed,2026-06-29,3.77,+69.74,,2026-07-31T05:09:55+00:00
2026-06-26T20:08:05+00:00,AVGO,long,63,SOXX,"Broadcom: -12.6% sell-the-news Jun4 (fQ2 BEAT rev+EPS but Q3 AI-chip guide $16B vs $17.2B est, didnt blow out) amid $1.3T semi-panic; 3wk later still near lows ~$406. Universal analyst PT HIKES within 24h: JPM $580 top semi pick, Jefferies $550, GS $525; consensus Strong Buy, 0 Sells, avg PT ~$517 (+27%). Idiosyncratic bet AVGO outperforms its OWN sector (SOXX) as a quality AI-infra franchise oversold on sentiment not fundamentals. Conviction MEDIUM. Risk: AI-capex-fear rotation + Fed Dec-hike fear (42% odds) keeps high-multiple semis pressured; 3wk non-recovery is a yellow flag. No earnings in window.",open,,,,,
2026-06-26T20:08:05+00:00,ON,long,21,SOXX,"onsemi: -24% single-day Jun26 (worst ever, CEO defending core) on $7B ALL-STOCK Synaptics acquisition (1.35x SYNA, ~19% premium). FAST-sleeve contrarian: -24% deal-PANIC overshoot on a strategically coherent (Edge/physical-AI), EPS-accretive-in-18mo, TAM +$30B deal tends to partially revert as forced/momentum selling clears in weeks. Conviction LOW. Key risk: all-stock structure => merger-arb shorts ON & longs SYNA, a PERSISTENT mechanical overhang to mid-2027 close that caps the bounce; weak auto/analog core. Scored on fast 21d bar [Arc5#5].",closed,2026-06-29,88.57,+15.28,,2026-07-31T05:09:55+00:00
2026-06-26T22:13:46+00:00,AYI,long,21,XLI,"Acuity (AYI): Q3 FY26 (rpt 6/25) DOUBLE BEAT + RAISE — EPS $5.31 vs $5.24, rev $1.198B beat, FY guide raised (rev $4.8B, EPS $19.75 above consensus); Intelligent Spaces rev +15%, op margin +800bps to 18.6%. +17.5% on print. Clean PEAD beat-and-raise on a REAL industrial (non-AI/semi diversification). Thesis: post-earnings-drift continues vs industrials. Conviction MEDIUM. Event risk: next print ~Oct, outside 21d window. Fast sleeve.",closed,2026-06-29,367.40,-6.17,,2026-07-31T05:09:55+00:00
2026-06-26T22:13:56+00:00,BB,long,21,IWM,"BlackBerry (BB): Q1 FY27 (rpt 6/25) beat every metric — rev $152.9M (+26% YoY, ~11% above est), adj EPS $0.04 vs $0.03, adj EBITDA +144%; FIRST profit since 2022; FY27 guide raised (rev $594-621M, midpoint above consensus). Stifel initiated Buy $12, CIBC/Canaccord raised PTs. +30% two-day surge to ~$11.2. Thesis: PEAD + analyst-revision drift on a real AI/QNX turnaround. Conviction LOW-MED — already +30% extended (spike-reversion risk per ARC5#3). Small-cap → IWM bench. Fast sleeve.",closed,2026-06-29,12.48,-33.30,,2026-07-31T05:09:55+00:00
2026-06-26T22:13:56+00:00,OXM,short,63,XRT,"Oxford Industries (OXM): Q1 FY26 (rpt 6/10) cut FY26 rev guide (top end lowered, mid $1.49B) + Q2 sales ~5.8% below Street on deceleration late-Apr-to-early-June; -17% AH; reported securities investigation post-cut. Apparel/discretionary (Tommy Bahama, Lilly Pulitzer, Johnny Was) — low-end consumer worsening, corroborated by ROST downgrade (sector-wide). Thesis: negative post-guidance-cut estimate-revision drift in a weak discretionary tape. Conviction LOW-MED — late entry (16d post-event, already -17%). vs XRT retail. Core 63d.",open,,,,,
2026-06-28T16:28:14+00:00,APO,short,63,XLF,Apollo: private-credit redemption gates (5pct quarterly cap enforced as ~17pct sought to redeem from Apollo Debt Solutions) + SEC valuation/disclosure probe + fiduciary investigation; 80x PE on -8.8pct YoY revenue. Idiosyncratic alt-manager credit stress vs broad financials; structural overhang grinds over a quarter.,open,,,,credit-stress-unwind,
2026-06-28T16:28:14+00:00,CIEN,long,21,XLK,"Ciena fQ2 (Jun4): rev 1.57B +40pct YoY, raised FY26 to 6.3B (+32pct). AI-optical interconnect leadership validated by Nvidia optical endorsement + Amazon/Corning datacenter fiber deal; post-earnings drift + intra-AI rotation chips->optical. Fast sleeve vs broad tech.",closed,2026-06-29,478.93,-19.09,post-earnings-drift,2026-07-31T05:09:55+00:00
2026-06-29T22:14:45+00:00,CCL,long,63,XLY,"Carnival fQ2 (rpt 6/24): DOUBLE BEAT — adj EPS $0.41 vs $0.34, record rev $6.7B, 12th straight record net yields, record $9.0B deposit book, 2026 ~93% booked. Stock fell ~6-9pct on a soft Q3 guide ($1.35 vs $1.42) + FY net-yield cut 2.75pct->1.75pct. KEY READ: the cut is driven by (a) Middle East geopolitics hitting only Mediterranean deployments and (b) a loyalty-program ACCOUNTING change — both transient/optical, not demand destruction; underlying demand signals are record-strong. Market punished the headline yield-guide without separating the exogenous/optical cut from durable demand = overreaction. Conviction MODERATE. EVENT RISK two-sided: Middle East tensions could escalate and worsen Med bookings further (the thesis's own catalyst is also its main risk). Measured vs XLY to strip consumer-disc beta.",open,,,,guidance-cut-overreaction,
2026-07-01T22:16:05+00:00,CNXC,short,63,IWM,"Concentrix fQ2 (rpt ~6/29): results ~in-line (EPS 2.63 vs 2.64, rev in-line, FCF UP) but GUIDANCE CUT hard — Q3 EPS mid 2.71 vs 3.09 consensus (-12%), FY 10.83-11.18 vs 11.97 (-8%); stock -26% single day. Short/continuation (NOT overreaction-fade): PEAD says negative-surprise drift continues; secular AI/BPO-displacement overhang caps the multiple and Q3 guide well-below signals estimates still too high (cheap = value trap). Conviction LOW (55/45) — risk: ~5-6x earnings + capitulation = squeeze/oversold-bounce; deep-value floor.",open,,,,guidance-cut-continuation,
2026-07-02T14:47:18+00:00,CRL,long,63,XLV,"Charles River (CRO): Lilly TuneLab AI/ML drug-discovery partnership (mid-Jun) + analyst re-rating CLUSTER — CLSA upgrade to Outperform (PT 167->219), Evercore/Baird/Barclays PT raises to ~213-220 — on a beaten-down preclinical CRO turning as biotech R&D-spend + China tone improve. Moderate conviction. Risk: overbought near-term, CRO demand cyclical, no earnings inside window.",open,,,,analyst-rerating,
2026-07-02T14:47:18+00:00,APD,long,63,XLB,"Air Products: Jun30 scrapped $2.9B Louisiana clean-energy complex + AZ zero-carbon H2 -> capital-discipline pivot (mkt rewarded +8% ON a $2.9B pretax writedown = re-rating the story from value-destroying capex to cash-return); Yara renewable-ammonia deal de-risks ammonia book. Moderate conviction. Risk: fQ3 big writedown charge already flagged, industrial-gas demand cyclical.",open,,,,capital-discipline-rerating,
2026-07-06T22:13:41+00:00,IRM,short,63,SPY,"Iron Mountain: rich-name deflation. P/E ~128 vs 106 5yr-median, ~13pct above GF fair value; insiders sold 17M last 3mo with ZERO buys; down 3 sessions / -12pct 5d while the tape ripped to Dow-53k records = clear relative weakness / broken momentum. Thesis: overvalued REIT/data-center hybrid mean-reverts vs broad market. MODEST conviction. EVENT RISK: Q2 earnings early-Aug inside the 63d window can whipsaw.",open,,,,valuation-deflation-short,
2026-07-10T23:39:55+00:00,SPCX,short,174,SPY,"USER bet (his call gets the same test as the model's): social-media bear thesis — SPCX to ~$100 by year-end as staged IPO-lockup supply hits the float Jul→Dec (main unlock ~Dec-8) into a rich valuation. Logged 2026-07-10 with SPCX ~145.30. Event risk: launch-cadence/Starlink news can rip it higher; we hold a locked 17-sh long lot, so this bet is hedge-flavored, NOT sized. [CORRECTION 2026-08-08, audit #1: that 'locked 17-sh lot' never existed — a cash balance misbooked as shares (FINDINGS 2026-08-02); the bet was never hedged and stands as a pure pre-registered call.] Threshold pre-registered: the claim is right if SPCX lags SPY over 174d (year-end).",open,,,,lockup-supply,
2026-07-13T22:15:46+00:00,MRNA,short,63,XBI,"Moderna: JPM reaffirmed Sell (financial situation 'precarious'), $950M litigation payment due Q3, Q2 rev guided to collapse to $50-100M, mean analyst PT $38 vs ~$68 spot; durable idiosyncratic fundamental deterioration, not just the -4% biotech flush. Med-low conviction; RISK: heavily-shorted biotech can squeeze on any pipeline/M&A pop",open,,,,analyst-rerating,
2026-07-13T22:15:46+00:00,AKAM,long,63,IGV,"Akamai: name-specific AI re-rating — launched agentic AI-agent security framework (Visa/Experian partners), closed $205M LayerX buy, Oppenheimer Outperform $180 vs ~$118; cloud/AI-inferencing 'underappreciated'. Q2 earnings 8/6 inside window. Med conviction; RISK: chronic value-trap + AI premium could fade in an AI-unwind tape",open,,,,narrative-stage-transition,
2026-07-15T22:19:46+00:00,PNR,long,63,XLI,Pentair: prelim Q2 rev -17% (~$930M vs $1.134B guide) driven by ~$170M POOL-CHANNEL DESTOCKING (transitory inventory reset — reversed in 2023-24 pool cycle) + FY EPS cut $1.47->$1.12 + CFO exit after 4mo + RBC cut to Sector Perform PT $74. Washed out at 52wk-low (-50% from high). LONG the destocking-reversal overreaction; moderate conviction. KEY RISK: CFO departure at a guidance cut often precedes more bad news; full Q2 report pending.,open,,,,guidance-cut-overreaction,
2026-07-17T22:15:45+00:00,CTAS,long,63,XLI,"Cintas fQ4 double beat (EPS $1.29, GM 51% = record) + FY27 rev guide $12.10-12.25B above $12.08B consensus; BofA upgrade to Buy PT $230, GS PT $231. Defensive facility-services compounder INSULATED from the semi/AI-spend selloff crushing the tape — clean beat-and-raise PEAD. Conviction moderate; no imminent event risk (just reported). SIZED SUGGESTION: 5 sh @ ~204.45, stop 184 (-10%), 63d",open,,,,post-earnings-drift,
2026-07-20T22:15:08+00:00,CDNS,long,63,IGV,"Cadence -12.7% (Jul17) on Moonshot Kimi-K3 demo (autonomous 45nm chip flow in 48h with only open-source EDA), which markets read as an EDA-moat threat. Overreaction: 45nm is generations behind the 2/3nm frontier where Cadence/Synopsys tools are deepest and hardest to replicate; BNP called it a buy-the-dip. Wide-moat compounder, name-specific narrative shock vs software peers. Conviction moderate. EVENT RISK: US may tighten China EDA export rules (a real revenue headwind, separate from the demo narrative) + CDNS reports ~late-Oct.",open,,,,spike-fade,
2026-07-22T22:17:16+00:00,DHR,long,63,XLV,"Danaher Q2 (rpt 7/21): beat (rev 6.3B, EPS 1.94 vs 1.84) + RAISED FY EPS to 8.45-8.60. Stock -11% (201->179) because ~$100M bioprocessing shipments PUSHED to 2027 — TIMING, not demand loss. Quality compounder overreaction; med-high conviction. SIZED SUGGESTION: 6 sh @ ~179, stop 158 (-12%)",open,,,,guidance-cut-overreaction,
2026-07-22T22:17:16+00:00,ISRG,long,63,XLV,"Intuitive Surgical Q2 (rpt 7/16): beat (EPS 2.80 vs 2.48, rev +18.5%) but -12% on US procedure decel to 12% + guide HELD not raised. Down 29% YTD = multiple compression on quality medtech; oversold-quality overreaction. Med conviction; decel is real event risk.",open,,,,guidance-cut-overreaction,
2026-07-22T22:17:16+00:00,SMCI,long,21,SOXX,"Super Micro prelim Q4 (7/22): record $60B backlog + GM guide DOUBLED 8.2%->15-17%. Genuine fundamental reset; fast post-earnings drift. Med conviction; accounting history + extreme vol = event risk, full report pending.",open,,,,post-earnings-drift,
2026-07-22T22:17:16+00:00,WAB,long,63,XLI,"Wabtec Q2 (rpt 7/22): double beat (EPS 2.76 vs 2.63, rev 3.18B +17.5%) + RAISED FY rev+EPS guide; op cash flow +111%. Company-specific quality industrial; post-earnings drift long. Med conviction.",open,,,,post-earnings-drift,
2026-07-22T22:17:16+00:00,TRV,long,63,XLF,"Travelers Q2 (rpt 7/17): 88% EPS beat (10.04 vs 5.41), combined ratio 83.6%, core income +44%, ROE 24.9%. Drift long. Med conviction; caveat: low-cat quarter + $578M reserve releases partly non-repeatable.",open,,,,post-earnings-drift,
2026-07-22T22:17:16+00:00,ABT,long,63,XLV,"Abbott Q2 (rpt 7/16): beat (EPS 1.31 vs 1.28, rev +13%) + RAISED FY EPS to 5.45-5.60; Exact Sciences driving growth. Post-earnings drift. Med-low conviction; CGM competition + soft Nutrition + low vol on move = caveats.",open,,,,post-earnings-drift,
2026-07-24T22:15:05+00:00,LMT,long,63,ITA,"Lockheed Q2 (rpt 7/22): beat-and-raise, rev +11% to $20.06B, EPS $7.94, raised FY26 to $29.95-30.65; record backlog on durable global rearmament, +10% single-day pop. Read: PEAD continues on a clean beat-and-raise defense leader. Med conviction, no event risk in window.",open,,,,post-earnings-drift,
2026-07-24T22:15:06+00:00,DLR,long,63,XLRE,"Digital Realty Q2 (rpt 7/23): FFO $2.13 crushed $0.50 est, rev $1.92B vs $1.67B, raised FY26 FFO to $8.15-8.20; TD Cowen/Guggenheim upgrades to Buy, JPM PT raise. AI-datacenter demand. Read: PEAD + analyst re-rating continues. Med conviction, buying after +14% pop = extension risk.",open,,,,post-earnings-drift,
2026-07-24T22:15:06+00:00,ROL,short,63,SPY,"Rollins Q2 (rpt 7/22): EPS $0.32 miss $0.34, rev $1.079B miss, residential pest demand slowing, op margin -1.2pt; analysts cutting PTs; ~40x perfection multiple already -34% YTD. Read: identifiable demand deceleration on premium multiple → continued underperformance. Med-low conviction, bounce risk after -14%.",open,,,,valuation-deflation-short,
2026-07-24T23:35:46+00:00,MSCI,long,63,XLF,"MSCI Q2 (rpt 7/21): -12pct on a 4-CENT non-GAAP EPS miss (4.94 vs 4.98) — the move more than DOUBLED the 4.2pct options-implied swing. Revenue +12.2pct YoY and IN LINE; the miss is EXPENSE-driven (opex +9.2pct to 379.5M on non-comp + acquisitions) with FY26 opex guide raised to 1.54-1.58B — a cost quarter, NOT a demand break, at a wide-moat recurring-revenue index/analytics monopoly. Sell-side PTs (JPM/Barclays/BofA/RJ) all above 730 into the print vs ~582 post. Overreaction to a margin headline. Risk: high multiple can keep de-rating on structural cost creep (our IRM valuation-deflation thesis cuts the other way)",open,,,,guidance-cut-overreaction,
2026-07-27T15:17:10+00:00,INTC,long,63,SOXX,"Intel fQ2 (rpt 7/21): rev +25pct (sharpest since 2011), EPS 2x, all segments up (DCAI +59pct), strong Q3 guide; stock +8.6pct on 7/21. Read: post-earnings drift on a real inflection. RE-REGISTERED 7/27 after the 2026-07-27 read-run alert FAILED TO PERSIST (pushed to Telegram, never written to the catalogue/committed) - kept LONG as alerted so the verdict N cannot be cherry-picked by my disagreement. TWO CORRECTIONS to the alert thesis, both verified on bars: (1) the alert claimed the pop came 'into a -2.2pct Nasdaq/semis-down tape' - FALSE, SOXX was +5.4pct on 7/21, an UP tape; true relative strength was +3.2pct, not strength-against-a-decline. (2) entry is 89.98 (7/27 close), not the alerted 92.32 - the gap has fully round-tripped (105.45 -> 89.98, -14.7pct in 4 sessions) and INTC is now -7.3pct BELOW its pre-earnings 7/20 close of 97.06. Honest note: entering at a price 2.5pct better than alerted flatters this bet; treat any pass with that caveat. Risk: this looks like sell-the-news/spike-fade [Arc 5 #3] + the XRP spent-catalyst tell [Arc 5 #4], not drift; Foundry loss-making, capex >20B into an AI-capex derating. BOOK DECLINED TO FUND (money silo separate [Arc 5 #4]).",open,,,,post-earnings-drift,
2026-07-28T11:38:19+00:00,GM,long,63,XLY,"GM Q2 (rpt 7/21): double beat + 2ND FY guidance raise of 2026 (adj EPS 12-14), record H1 EPS 7.27 (+35% YoY), 42% full-size pickup share, tariff cost flat/managed via onshoring. Post-earnings beat-and-raise drift. Conviction med; risk: auto is cyclical + tariff/consumer-demand overhang could cap the drift.",open,,,,post-earnings-drift,
2026-07-28T11:38:20+00:00,MMM,long,63,XLI,"3M Q2 (rpt 7/21): beat (adj EPS 2.40 vs 2.24, +11% YoY, org growth 5.4%) + RAISED FY guide to 8.80-8.95 (from 8.50-8.70); turnaround gaining traction, margin expansion 70-80bps, AI-datacenter demand in electrical. Conviction med; risk: turnaround already partly priced (stock up ~9% on the day), litigation tail.",open,,,,post-earnings-drift,
2026-07-28T11:38:20+00:00,RTX,long,63,ITA,"RTX Q2 (rpt 7/23): beat (rev 24.7B vs 22.9B, adj EPS 1.89 vs 1.66), raised FY guide 3x over (EPS 7.10-7.25, org growth to 8-9%), record 289B backlog, margins expanded all 3 segments, 18% Raytheon growth, FCF guide up. High-vol confirmed (1.8x). Conviction med-high; risk: defense already run + correlated with live LMT (both vs ITA strips sector beta).",open,,,,post-earnings-drift,
2026-07-28T11:38:20+00:00,IP,long,63,XLB,"Intl Paper: containerboard 40/ton price hike (PCA-led, eff Sep 1, called unprecedented; possible further +50-70) + RBC PT->48 Outperform on tighter supply/firmer US pricing. IP is the LAGGARD vs PKG's record high = better entry on a real industry pricing catalyst. Conviction med; risk: containerboard hikes historically only partially realized + IP earnings could land in window.",open,,,,analyst-rerating,
2026-07-29T11:39:42+00:00,IQV,long,63,XLV,"IQVIA Q2 (rpt 7/28): clean double beat (adj EPS 3.15 vs 3.04, rev 4.37B vs 4.30B, org growth accel to 6%) + FY26 guide RAISED across the board (rev 17.275-17.475B, EPS 12.80-13.00) + RECORD bookings + explicit AI-driven demand/productivity tailwind. +14% on the print, near 52wk high. Post-earnings-drift long; sector-distinct (life-sci services) from my industrial PEAD cluster. Conviction medium-high. Event risk: broad AI-capex sentiment wobble this week (hyperscaler prints) could pressure high-multiple names, but IQV's beat is fundamentals not sentiment.",open,,,,post-earnings-drift,
2026-07-30T11:40:58+00:00,VRT,long,63,XLI,"Vertiv Q2 (rpt 7/29): EPS BEAT 1.52 vs 1.42 (+60pct YoY) + RAISED FY guide to 6.65-6.75 EPS / 13.8-14.2B rev + next-Q guide above cons; stock sold off ~-10pct on a REVENUE-timing miss (3.27B vs 3.38B, mgmt: timing not demand). Hyperscaler capex RAISED this week (MSFT ~190B FY27, Meta 125-145B) = direct data-center power/cooling demand tailwind the tape underweighted -> overreaction long. Conviction MEDIUM; risk: rich DC-infra valuation + any capex-ROI-doubt wave re-hits the whole complex",open,,,,revenue-miss-overreaction,
2026-07-31T11:37:22+00:00,CMG,long,63,XLY,"Chipotle Q2 (rpt 7/29): beat (adj EPS 0.33 vs 0.32, rev 3.35B) + comps RE-ACCELERATED to +2.2% (traffic +1%) and RAISED FY comp guide from flat to low-single-digit; +12% on 7/30. Name-specific turnaround inflection (Honey Chicken, rewards, Chipotlanes) not sector move. Conviction medium-high. Risk: margin pressure, consumer softening.",open,,,,post-earnings-drift,
2026-07-31T11:37:22+00:00,BAX,long,63,XLV,"Baxter Q2 (rpt 7/30): 51pct EPS beat (adj 0.56 vs 0.37), rev 2.96B beat 2.79B, FCF margin 6.1pct vs 2.7pct, RAISED FY EPS to 1.95-2.15 and sales guide. Turnaround progress, name-specific. +8.7pct. Conviction medium. Risk: turnaround stalls, healthcare/tariff.",open,,,,post-earnings-drift,
2026-07-31T11:37:22+00:00,CTSH,long,63,XLK,"Cognizant Q2 (rpt 7/29): rev 5.48B beat + RAISED FY EPS guide to 5.70-5.82 (8-10pct growth); Financial Svcs +12pct, bookings 29.1B, 1.15B buyback, Citi PT 45->60. IT-services re-rating, name-specific. +13pct. Conviction medium. Risk: EPS slight miss, IT-services demand/AI-disruption overhang.",open,,,,post-earnings-drift,
2026-08-03T11:43:40+00:00,DXCM,long,21,XLV,"DexCom Q2 (rpt 7/30): beat (EPS 0.70 vs 0.61) + RAISED FY margins; FDA TEMPO pilot + PBM coverage 7M non-insulin T2 + CONNECT Level-A evidence = durable reimbursement re-rating. FAST sleeve. SIZED SUGGESTION: 5 sh @ ~83.45, stop 76.80",open,,,,post-earnings-drift,
2026-08-03T11:43:40+00:00,GRMN,long,63,SPY,"Garmin Q2 (rpt 7/29): record double beat (EPS 2.81 vs 2.29) + raised FY EPS to 10.00 from 9.35; fitness +25% (CIRQA sellout), GM 62.4%, op income +30%. Clean beat-and-raise. Risk: consumer-electronics cyclicality",open,,,,post-earnings-drift,
2026-08-03T11:43:40+00:00,HII,long,63,ITA,"Huntington Ingalls Q2 (rpt 7/30): beat (EPS 5.27 vs 3.86), rev +11% to 3.4B, shipbuilding rev +16%, margin 6.6% vs 5.6%; RAISED shipbuilding rev + margin guide (Newport News/Ingalls inflection). Durable Navy backlog. Risk: program execution",open,,,,post-earnings-drift,
2026-08-03T11:43:40+00:00,LII,long,63,XLI,Lennox Q2 (rpt 7/29): -23% on only a ~3-5% FY EPS trim (23.00-24.00 vs prior 23.50-25.00); commercial +24% offsets residential -7%. Guidance-cut OVERREACTION. Risk: residential HVAC weakness is real/secular,open,,,,guidance-cut-overreaction,
2026-08-03T11:43:40+00:00,REGN,long,63,IBB,"Regeneron Q2 (rpt 7/30): EPS 14.29 vs 10.53 (+40% above cons), rev +16.7% on Eylea-HD + Sanofi collab +51% (Dupixent); recovering from multi-month lows. Risk: Eylea biosimilar/competitive erosion overhang",open,,,,post-earnings-drift,
2026-08-03T11:43:41+00:00,WTW,long,63,XLF,"Willis Towers Watson Q2 (rpt 7/30): beat (EPS 3.35 vs 3.13, +17% YoY), 5% organic, +100bp margin; Propel AI plan (400M run-rate savings, path to 30% margin 2028). Quality-compounder drift. Risk: margin story is a 2028 build, slow",open,,,,post-earnings-drift,
2026-08-04T20:31:50+00:00,NIO,long,63,SPY,"USER bet (his call gets the same test as the model's): held through capitulation to avoid selling the bottom; claims likely flip. No clear evidence offered - that is why it is scored. Spot ~4.78, 52wk low 4.44, exit target 4.85 structured same day. Delivery thesis remains dead [2026-08-02]; this bet tests the FLIP claim, not the old thesis.",open,,,,capitulation-reversal,
2026-08-05T11:40:46+00:00,ZBRA,long,63,XLK,"Zebra Q2 (rpt 8/4): beat-and-raise — EPS 6.35 vs 4.44 (+76pct YoY), record sales +20pct, adj EBITDA margin +7.1pts to 27.7pct, raised FY guide. Differentiated from the semi-rally tape: ZBRA is a memory-cost VICTIM (absorbed a 20M cost hike via pricing power), not memory beta. post-earnings drift long. risk: +26pct earnings gap already extended; tech-tape reversal.",open,,,,post-earnings-drift,
2026-08-06T11:39:29+00:00,QLYS,long,63,IGV,"Qualys Q2 (rpt 8/4): clean beat-and-raise — rev $182.2M +11% (beat), non-GAAP EPS $1.98 (+10.9% beat), 46% adj-EBITDA margin; RAISED FY26 rev to $732-738M and EPS to $7.74-7.88, Q3 guide above consensus; new AI product InstaScan (vuln detection). New 52wk high on fundamentals = bullish drift signal, not a fade. IDIOSYNCRATIC — cybersecurity, NOT the AI-capex melt-up wave that carried the rest of the scan (COHR/ANET/MRVL/VRT etc), so a distinct read not one macro draw. Conviction MEDIUM. Risk: already ran +35% in 5d incl the ~14% earnings pop = late entry, rich SaaS multiple can mean-revert.",open,,,,post-earnings-drift,
2026-08-06T11:39:38+00:00,PODD,long,21,XLV,"Insulet Q2 (rpt 8/5): BEAT — EPS $1.66 vs ~$1.44 (+15%), rev $801.7M +23.5% YoY, Omnipod core sales SOARING; stock -20% on a MODEST FY26 rev-guide trim (~$3.3B->$3.2-3.3B) + total-drug-delivery outlook 21-23%->20-22% citing slower US insulin-pump sales. Read: -20% overshoots a ~1-3% guide trim on a name whose core franchise is still compounding 20%+; fast overreaction-fade (why 21d, not core drift). IDIOSYNCRATIC medtech, not the AI wave. Conviction LOW-MED. Risk (the killer): US pump-demand deceleration is a REAL multiple-reset trigger and in a rotation-to-AI tape a guide-down healthcare grower can keep bleeding (Oppenheimer cut to Market Perform).",open,,,,guidance-cut-overreaction,
2026-08-07T11:41:19+00:00,DVA,long,21,XLV,"DaVita Q2 (rpt 8/4): BEAT EPS 4.02 vs 3.88 + rev 3.55B vs 3.49B, but -21pct in 5d because FY EPS guide was HELD FLAT (mid 14.65) vs 14.88 consensus -> a ~1.5pct shortfall, not a cut. Defensive dialysis duopoly (DVA/FMC) with pricing power + demographic tailwind + Berkshire as anchor holder = a floor. Thesis: 21pct drawdown on a small guidance disappointment in a stable oligopoly is an overreaction that mean-reverts vs XLV over weeks. Conviction MEDIUM. Risk: real margin-doubt narrative (GF Value: still overvalued) could keep de-rating; no earnings inside the 21d window.",open,,,,guidance-cut-overreaction,
2026-08-10T11:39:51+00:00,TTD,short,21,IGV,"The Trade Desk Q2 (rpt 8/6): rev +3pct YoY to $715M (miss $751M est), adj EPS 0.34 vs 0.40; Q3 guide ONLY $650M vs ~$803M est = ~19pct below AND a sequential DECLINE (a growth co guiding down QoQ). CFO, CMO AND commercial chief all replaced same day; CEO admitted 'didn't execute'; multiple downgrades. Broken-growth + management turmoil, NOT a 4-cent-miss overreaction — the guide-down is real so the drift reads DOWN, not a buyable dip. Short vs IGV 21d (fast sleeve). Conviction MEDIUM. Risk: already -28pct gapped so a dead-cat bounce is the main threat; TTD is large-cap heavily covered so the deceleration may be fully priced.",open,,,,guidance-cut-continuation-short,
2026-08-11T11:44:47+00:00,IT,long,63,XLK,"Gartner Q2 (rpt 8/4): beat-and-raise — rev 1.68B, adj EPS 4.37, adj op margin 25pct (+5.6pp YoY), FCF 378M, RAISED FY EBITDA/EPS/FCF guide + accelerated buybacks. The market spent the past year pricing IT for AI-driven research-subscription decline (multiple compressed on the disruption fear); Q2 showed the opposite — margin expansion + guide raise = the bear narrative is not showing in the numbers. Edge is the durable AI-fear-unwind RE-RATING (multiple expansion), a reading call a momentum screen misses. Risk: already +27pct/5d, so the initial pop is spent and near-term is chase-prone; medium conviction. No earnings inside 63d window.",open,,,,narrative-stage-transition,
2026-08-12T11:40:59+00:00,CACI,long,63,ITA,"CACI fiscal Q4 (rpt 8/5): EPS 8.91 vs 7.32 (+1.59 beat) + FY27 guide EPS 32.96-33.86 vs 28.16 cons (~+17%), rev 10.65-10.85B vs 9.55B, funded backlog +29%, FCF/share +68%. Guidance this far above Street forces multi-week estimate revisions = post-earnings drift on a defense-IT compounder (not a meme). Risk: extended, already +27%/5d (67 by 8/11); DoD budget/CR headline risk.",open,,,,post-earnings-drift,
2026-08-12T11:40:59+00:00,CRL,long,21,XLV,"Charles River Q2 (rpt 8/5): EPS 3.02 vs 2.74 beat + RAISED FY to 11.15-11.45 (from 10.80-11.30); FIRST organic growth since Q3'23 (+0.1%) and DSA net book-to-bill at a 4-yr high = CRO demand inflection off a 2-yr trough. Fast 21d momentum-continuation on the turn as estimates revise up. Risk: extended (+20%/5d, 52wk high, rich vs intrinsic); biotech-funding sensitivity.",open,,,,narrative-stage-transition,
2026-08-13T11:40:55+00:00,ABNB,long,63,XLY,"Airbnb Q2 (rpt 8/6): clean beat — adj EPS 1.37 vs 1.26, rev 3.61B vs 3.58B (+17pct YoY), GBV +16pct to 27.2B, nights +10pct — plus RAISED FY guide to mid-teens rev growth and >=35.5pct EBITDA margin. Beat-and-raise that forces upward estimate revisions = post-earnings drift on a covered mega-cap. Conviction medium. Risk: already +18pct/5d and extended into the print; consumer/travel-demand softening; no event inside window.",open,,,,post-earnings-drift,
2026-08-13T11:40:55+00:00,TWLO,long,21,IGV,"Twilio Q2 (rpt 8/6): record rev 1.5B + adj EPS 1.47 beat + RAISED FY organic growth to 18pct + Q3 guide (EPS 1.42-1.47, rev 1.51-1.52B) above Street; growth RE-ACCELERATION with a revamped AI customer-engagement platform drove a re-rating cluster — Stifel upgrade to Buy PT 260, Mizuho/TD Cowen/BTIG/Citizens PT raises. Large-cap liquid (tail label only). Fast 21d momentum-continuation on the turn. Conviction medium. Risk: +27pct/5d, gap already large; software multiple sensitivity, AI-narrative crowding.",open,,,,post-earnings-drift,
2026-08-14T12:06:29+00:00,TPR,long,21,XRT,"Tapestry Q2 CY26 (rpt 8/13): beat — rev +8.9% to $1.88B (in-line), non-GAAP EPS $1.32 vs $1.28 (+3.4%); stock -15% on FY27 rev guide $8.4-8.5B only marginally below $8.47B cons + Kate Spade net sales -10% + tariff/duty cost noise. Read: punishment outsized vs a marginal guide trim on a beat; Coach franchise strong. Fast sleeve. Risk: Kate Spade weakness + tariff drag are real, not pure sentiment; luxury-discretionary macro.",open,,,,guidance-cut-overreaction,
2026-08-14T12:06:29+00:00,TNDM,long,63,XLV,"Tandem Diabetes Q2 (rpt 8/6): rev +5.8% to $254.6M (in-line) but PROFITABILITY INFLECTION — op margin -21.5%->-5.4% YoY, adj EBITDA $6.42M vs $3.52M cons; PayGo pharmacy model ~10% of US shipments + 45% formulary coverage = shift to higher-visibility recurring rev. Reaffirmed FY outlook + Mobi momentum. Read: margin-inflection re-rating (named mechanism), not a bare beat; drift entry ~1wk post-print. Tail name — size for friction. Risk: still GAAP-unprofitable, competitive pump market (Insulet/MDT).",open,,,,post-earnings-drift,
2026-08-17T11:42:50+00:00,CAVA,long,21,XLY,"Q2 (rpt 8/11): beat EPS 0.19 vs 0.18 + 9pct SSS (strongest among restaurants reporting this season) + adj EBITDA 54.7M beat; recovering from an overdone Cyclospora food-safety scare that had pinned it below every MA into the print. Washed-out chart re-rating, drift already live 60.81->74.42 (+22pct over 2 post-gap sessions). Fast sleeve. Risk: already popped hard (chase/exhaustion), food-safety overhang could recur. conviction medium",open,,,,post-earnings-drift,
2026-08-17T11:42:51+00:00,HRB,long,63,SPY,"Q4 (rpt ~8/12): rev 1.14B +3pct beat, adj EPS 2.38 beat; FY27 adj EPS guide 6.04-6.24 = +4.8pct above consensus mid + 10pct dividend raise (9th straight yr) + active buyback. Multi-pronged beat-and-raise. Risk: low-growth seasonal tax name, drift may be muted. conviction medium",open,,,,post-earnings-drift,
2026-08-19T11:38:34+00:00,HAE,long,21,XLV,"Haemonetics fiscal Q1 (rpt ~8/12, gapped 8/18): adj EPS 1.14 vs 0.87 (+31pct beat), rev 339.4M vs 327.9M; gaining Plasma share, Blood Mgmt momentum, Interventional back to growth (all 3 segments up) + NEW CSL Plasma supply agreement announced 8/18 + analyst PT hikes. Under-covered ~5B midcap medtech, vol 3.0x confirms institutional repricing. THESIS: post-earnings-drift underreaction to a broad quality beat plus a fresh structural commercial catalyst still being digested. Fast sleeve 21d. RISK: already +20pct 5d and GF Value flags overvaluation -> a pop-fade/mean-reversion of the gap is the kill.",open,,,,post-earnings-drift,
2026-08-20T11:45:10+00:00,EL,long,21,XLP,"Estee Lauder fQ4 (rpt 8/19): beat — adj EPS 0.39 vs 0.32, rev +6pct to 3.6B, organic +5pct (4th straight organic-growth qtr); RAISED FY27 adj op-margin outlook, FY27 EPS 3.10-3.35 (~in-line-to-above 3.18 cons); Le Labo/Tom Ford luxury fragrance +10pct. Turnaround inflection on a multi-year washed-out name; 5.9x volume = institutional repositioning. Fast 21d post-earnings drift. Risk: FY27 EPS midpoint only ~in-line and turnaround multi-quarter; extended after +12pct pop.",open,,,,post-earnings-drift,
2026-08-20T11:45:10+00:00,MRK,long,63,XLV,"Merck: melanoma Phase 3 win — intismeran autogene (Moderna mRNA) + Keytruda met primary RFS endpoint + secondary DMFS in high-risk melanoma (8/18); first positive P3 for personalized mRNA cancer therapy. Analyst PT hikes (Daiwa->Outperform PT 143, JPM 150). De-risks the Keytruda patent-cliff narrative + validates a pipeline extender. +14.5pct 5d on 3.7x vol. Durable franchise re-rating, 63d. Risk: mega-cap arbitraged, adjuvant-melanoma revenue modest vs MRK size; readout already popped.",open,,,,analyst-rerating,
