date,ticker,name
2014-01-10,GLYC,"CRESCENT BIOPHARMA, INC."
2014-01-10,RTRX,"Travere Therapeutics, Inc."
2014-01-15,CELP,"Cypress Environmental Partners, L.P."
2014-01-17,EPE,EP Energy Corp
2014-01-17,HELI,CHC Group Ltd.
2014-01-17,RSPP,"RSP Permian, Inc."
2014-01-23,SC,Santander Consumer USA Holdings Inc.
2014-01-24,CRCM,Care.com Inc
2014-01-24,RICE,"EQT RE, LLC"
2014-01-29,NADL,North Atlantic Drilling Ltd.
2014-01-30,CLDN,"Eiger BioPharmaceuticals, Inc."
2014-01-30,DRNA,Dicerna Pharmaceuticals Inc
2014-01-31,CARA,"Tvardi Therapeutics, Inc."
2014-01-31,NWHM,New Home Co Inc.
2014-01-31,RARE,Ultragenyx Pharmaceutical Inc.
2014-01-31,TRVN,TREVENA INC
2014-02-05,ASPX,"Auspex Pharmaceuticals, Inc."
2014-02-05,BIOC,BIOCEPT INC
2014-02-05,CBPX,"Continental Building Products, Inc."
2014-02-05,GNCA,"GENOCEA BIOSCIENCES, INC."
2014-02-05,QURE,uniQure N.V.
2014-02-06,EBIO,CARISMA Therapeutics Inc.
2014-02-06,EGLT,Zyla Life Sciences
2014-02-06,RVNC,"Revance Therapeutics, Inc."
2014-02-07,ARGS,ARGOS THERAPEUTICS INC
2014-02-07,GPRK,GeoPark Ltd
2014-02-11,NRX,"NephroGenex, Inc."
2014-02-12,EGRX,"EAGLE PHARMACEUTICALS, INC."
2014-02-12,FLXN,Flexion Therapeutics Inc
2014-02-13,AMDA,"Sintx Technologies, Inc."
2014-02-13,CNCE,"CONCERT PHARMACEUTICALS, INC."
2014-02-13,IBP,"Installed Building Products, Inc."
2014-02-14,INGN,Inogen Inc
2014-02-27,LMNS,LUMENIS LTD
2014-02-28,VRNS,VARONIS SYSTEMS INC
2014-03-07,AQXP,Neurogene Inc.
2014-03-07,COUP,Quotient Technology Inc.
2014-03-07,REPH,"Societal CDMO, Inc."
2014-03-12,AKAO,"Achaogen, Inc."
2014-03-13,DPRX,PLx Pharma Winddown Corp.
2014-03-13,GLMD,Galmed Pharmaceuticals Ltd.
2014-03-14,CSLT,"CASTLIGHT HEALTH, INC."
2014-03-14,RXDX,"Ignyta, Inc."
2014-03-19,PCTY,Paylocity Holding Corp
2014-03-20,AKBA,"Akebia Therapeutics, Inc."
2014-03-20,MDWD,MediWound Ltd.
2014-03-20,QTWO,"Q2 Holdings, Inc."
2014-03-21,ATEN,"A10 Networks, Inc."
2014-03-21,RTGN,"Pulmatrix, Inc."
2014-03-26,KING,King Digital Entertainment plc
2014-03-26,NORD,"Nord Anglia Education, Inc."
2014-03-27,AGTC,APPLIED GENETIC TECHNOLOGIES CORP
2014-03-27,SQBK,SQUARE 1 FINANCIAL INC
2014-03-27,TNET,"TRINET GROUP, INC."
2014-03-28,BRG,"Bluerock Residential Growth REIT, Inc."
2014-03-28,CBSO,OUTFRONT Media Inc.
2014-03-28,EVDY,"Everyday Health, Inc."
2014-03-28,HIVE,"AEROHIVE NETWORKS, INC"
2014-03-28,WATT,Energous Corp
2014-04-01,PIH,FG Nexus Inc.
2014-04-02,RUBI,"MAGNITE, INC."
2014-04-03,CORI,"Corium International, Inc."
2014-04-04,FIVN,"Five9, Inc."
2014-04-04,GRUB,Grubhub Inc.
2014-04-04,IMS,"IMS Health Holdings, Inc."
2014-04-09,KANG,"iKang Healthcare Group, Inc."
2014-04-09,LQ,La Quinta Holdings Inc.
2014-04-10,ADMS,Adamas Pharmaceuticals Inc
2014-04-10,ALLY,Ally Financial Inc.
2014-04-10,SYRX,"XTI Aerospace, Inc."
2014-04-11,ENBL,"Enable Midstream Partners, LP"
2014-04-11,FPI,Farmland Partners Inc.
2014-04-11,PAHC,PHIBRO ANIMAL HEALTH CORP
2014-04-11,PRGB,"Protea Biosciences Group, Inc."
2014-04-11,ZOES,"Zoe's Kitchen, Inc."
2014-04-14,WB,WEIBO Corp
2014-04-15,CIO,"City Office REIT, Inc."
2014-04-15,PAYC,"Paycom Software, Inc."
2014-04-16,MC,Moelis & Co
2014-04-16,TRIV,"TriVascular Technologies, Inc."
2014-04-17,SPWH,"SPORTSMAN'S WAREHOUSE HOLDINGS, INC."
2014-04-17,VTL,"IMMUNIC, INC."
2014-04-25,VGGL,Function(x) Inc.
2014-04-29,BGSF,"BGSF, INC."
2014-05-02,ALDX,"Aldeyra Therapeutics, Inc."
2014-05-02,ARES,Ares Management Corp
2014-05-02,FRSH,"Papa Murphy's Holdings, Inc."
2014-05-02,SCYX,SCYNEXIS INC
2014-05-07,GLOP,GasLog Partners LP
2014-05-08,CMCM,Cheetah Mobile Inc.
2014-05-08,KTWO,"K2M GROUP HOLDINGS, INC."
2014-05-08,LPG,DORIAN LPG LTD.
2014-05-09,PBFX,PBF Logistics LP
2014-05-14,SFBS,"ServisFirst Bancshares, Inc."
2014-05-15,BWFG,"Bankwell Financial Group, Inc."
2014-05-15,ZEN,"Zendesk, Inc."
2014-05-16,JMEI,Jumei International Holding Ltd
2014-05-16,OUNZ,VanEck Merk Gold ETF
2014-05-16,TRUE,"TrueCar, Inc."
2014-05-20,TGEN,TECOGEN INC.
2014-05-22,JD,"JD.com, Inc."
2014-05-22,SEMI,SunEdison Semiconductor Ltd
2014-05-23,AGRX,AGILE THERAPEUTICS INC
2014-05-23,HRTG,"Heritage Insurance Holdings, Inc."
2014-05-23,PE,Pioneer PE Holding LLC
2014-05-23,SDPI,"Superior Drilling Products, Inc."
2014-05-29,RESN,Resonant Inc
2014-06-06,ANET,"Arista Networks, Inc."
2014-06-06,RDUS,"Radius Health, Inc."
2014-06-12,MOBL,"MOBILEIRON, INC."
2014-06-12,NAO,HERMITAGE OFFSHORE SERVICES LTD.
2014-06-12,TSE,Trinseo PLC
2014-06-12,ZPIN,Zhaopin Ltd
2014-06-13,ABY,Atlantica Sustainable Infrastructure plc
2014-06-13,ASPN,ASPEN AEROGELS INC
2014-06-13,MRD,"Range Resources - Louisiana, Inc."
2014-06-18,CCS,"Century Communities, Inc."
2014-06-18,FELP,Foresight Energy LP
2014-06-18,PARN,Parnell Pharmaceuticals Holdings Ltd
2014-06-18,SGNL,"Viridian Therapeutics, Inc.\DE"
2014-06-18,VNOM,"VNOM Sub, Inc."
2014-06-18,ZSPH,"ZS Pharma, Inc."
2014-06-19,ARDX,"ARDELYX, INC."
2014-06-19,MRKT,IHS Markit Ltd.
2014-06-19,ZFGN,"Larimar Therapeutics, Inc."
2014-06-20,KITE,"Kite Pharma, Inc."
2014-06-24,XNET,Xunlei Ltd
2014-06-25,ADPT,Adeptus Health Inc.
2014-06-25,AMPH,"Amphastar Pharmaceuticals, Inc."
2014-06-25,MTLS,MATERIALISE NV
2014-06-26,GPRO,"GoPro, Inc."
2014-06-26,SERV,TERMINIX GLOBAL HOLDINGS INC
2014-06-26,TCPI,TCP International Holdings Ltd.
2014-06-27,MIK,"Michaels Companies, Inc."
2014-06-27,MOKO,Moko Social Media Ltd
2014-06-27,NEP,"XPLR Infrastructure, LP"
2014-07-01,NERV,"Minerva Neurosciences, Inc."
2014-07-02,GBIM,GLOBEIMMUNE INC
2014-07-09,CHTF,"DIGILITI MONEY GROUP, INC."
2014-07-16,IRMD,IRADIMED CORP
2014-07-17,CDNA,"CareDx, Inc."
2014-07-17,ROKA,"Sorrento Tech, Inc."
2014-07-18,GLOB,Globant S.A.
2014-07-18,SAGE,"Sage Therapeutics, Inc."
2014-07-18,TERP,"TerraForm Power NY Holdings, Inc."
2014-07-18,TRUP,"TRUPANION, INC."
2014-07-18,TUBE,TUBEMOGUL INC
2014-07-23,MTBC,"CareCloud, Inc."
2014-07-24,IMDZ,IMMUNE DESIGN CORP.
2014-07-24,PFNX,Pfenex Inc.
2014-07-24,TSQ,"Townsquare Media, Inc."
2014-07-24,XENT,"Intersect ENT, Inc."
2014-07-25,INNL,Innocoll AG
2014-07-25,LOCO,"El Pollo Loco Holdings, Inc."
2014-07-25,OCUL,"OCULAR THERAPEUTIX, INC"
2014-07-25,OEC,Orion S.A.
2014-07-25,WMS,"ADVANCED DRAINAGE SYSTEMS, INC."
2014-07-29,SPKE,"Via Renewables, Inc."
2014-07-30,WLKP,Westlake Chemical Partners LP
2014-07-31,AAVL,"Adverum Biotechnologies, Inc."
2014-07-31,CTLT,"Catalent, Inc."
2014-07-31,HQY,"HEALTHEQUITY, INC."
2014-07-31,MRNS,"MARINUS PHARMACEUTICALS, INC."
2014-07-31,ORPN,Enlivex Ltd.
2014-07-31,RIGP,Transocean Partners LLC
2014-07-31,SYF,Synchrony Financial
2014-08-01,FCB,"FCB FINANCIAL HOLDINGS, INC."
2014-08-01,LOXO,"Loxo Oncology, Inc."
2014-08-01,MBLY,Mobileye B.V.
2014-08-01,VTTI,VTTI Energy Partners LP
2014-08-06,EARS,Altamira Therapeutics Ltd.
2014-08-07,DSKY,iDreamSky Technology Ltd
2014-08-07,HMLP,Hoegh LNG Partners LP
2014-08-07,TTOO,"T2 Biosystems, Inc."
2014-08-08,GNBC,"Green Bancorp, Inc."
2014-08-08,ICD,"Independence Contract Drilling, Inc."
2014-08-08,RYI,Ryerson Holding Corp
2014-08-13,OTIC,"OTONOMY, INC."
2014-08-14,BNK,"C1 Financial, Inc."
2014-09-12,AFMD,Affimed N.V.
2014-09-12,RWLK,Lifeward Ltd.
2014-09-16,IFAN,"IFAN FINANCIAL, INC."
2014-09-17,CIVI,"Civitas Solutions, Inc."
2014-09-17,TKAI,"Eledon Pharmaceuticals, Inc."
2014-09-18,FOMX,Foamix Pharmaceuticals Ltd.
2014-09-19,BABA,Alibaba Group Holding Ltd
2014-09-23,AVAL,Grupo Aval Acciones Y Valores S.A.
2014-09-24,CFG,CITIZENS FINANCIAL GROUP INC/RI
2014-09-24,ICL,ICL Group Ltd.
2014-09-24,MDLY,MEDLEY MANAGEMENT INC.
2014-09-24,SFS,"Smart & Final Stores, Inc."
2014-09-24,VTAE,"Vitae Pharmaceuticals, Inc"
2014-09-25,CNNX,CNX Midstream Partners LP
2014-09-25,GWGH,"GWG Holdings, Inc."
2014-09-25,TVPT,Travelport Worldwide LTD
2014-10-01,VBLT,"Notable Labs, Ltd."
2014-10-02,AAC,"AAC Holdings, Inc."
2014-10-02,ATTO,Atento S.A.
2014-10-02,CALA,"Calithera Biosciences, Inc."
2014-10-02,JPEP,JP Energy Partners LP
2014-10-02,SMFI,"Gulf West Security Network, Inc."
2014-10-03,DERM,"Dermira, Inc."
2014-10-03,FMSA,"Bison Merger Sub I, LLC"
2014-10-03,YDLE,YODLEE INC
2014-10-08,TXHD,"Resonate Blends, Inc."
2014-10-09,GBSN,"Great Basin Scientific, Inc."
2014-10-09,HUBS,HUBSPOT INC
2014-10-09,MOLG,"MOL Global, Inc."
2014-10-09,OMAM,BrightSphere Investment Group plc
2014-10-09,USDP,USD Partners LP
2014-10-09,VBTX,"Veritex Holdings, Inc."
2014-10-10,DPLO,"Diplomat Pharmacy, Inc."
2014-10-10,PLAY,"Dave & Buster's Entertainment, Inc."
2014-10-15,DM,"Dominion Energy Midstream Partners, LP"
2014-10-15,FWP,Forward Pharma A/S
2014-10-15,GWB,"Great Western Bancorp, Inc."
2014-10-16,ATRA,"Atara Biotherapeutics, Inc."
2014-10-17,ZAYO,"Zayo Group Holdings, Inc."
2014-10-22,DBVT,DBV Technologies S.A.
2014-10-22,PRTO,"Protara Therapeutics, Inc."
2014-10-29,SHLX,"Shell Midstream Partners, L.P."
2014-10-29,SIEN,"PROJECT SAGE OLDCO, INC."
2014-10-29,SIGL,SIGNAL ADVANCE INC
2014-10-30,BOOT,"Boot Barn Holdings, Inc."
2014-10-30,FSAM,Fifth Street Asset Management Inc.
2014-11-03,SNC,"State National Companies, Inc."
2014-11-05,AM,Antero Midstream Partners LP
2014-11-05,XENE,Xenon Pharmaceuticals Inc.
2014-11-06,CHRS,"Coherus Oncology, Inc."
2014-11-06,NVRO,NEVRO CORP
2014-11-06,UPLD,"Upland Software, Inc."
2014-11-07,FRPT,"Freshpet, Inc."
2014-11-07,TBK,"Triumph Financial, Inc."
2014-11-11,JYNT,JOINT Corp
2014-11-12,AXTA,Axalta Coating Systems Ltd.
2014-11-13,CAPN,SOLENO THERAPEUTICS INC
2014-11-13,NAP,Navios Maritime Midstream Partners LP
2014-11-13,PRAH,"PRA Health Sciences, Inc."
2014-11-13,SKYS,"Sky Solar Holdings, Ltd."
2014-11-14,FGEN,"KYNTRA BIO, INC."
2014-11-14,LMRK,Landmark Infrastructure Partners LP
2014-11-14,NDRM,NeuroDerm Ltd.
2014-11-14,VA,Virgin America Inc.
2014-11-18,EHIC,eHi Car Services Ltd
2014-11-19,EYES,"Vivani Medical, Inc."
2014-11-19,PGRE,"Paramount Group, Inc."
2014-11-20,CNV,Cnova N.V.
2014-11-20,HABT,"Habit Restaurants, Inc."
2014-11-20,NEOT,"Evofem Biosciences, Inc."
2014-11-21,NEFF,Neff Corp
2014-11-21,SKIS,Peak Resorts Inc
2014-12-03,HSGX,"Ocugen, Inc."
2014-12-11,LC,LendingClub CORP
2014-12-11,MOMO,Hello Group Inc.
2014-12-12,AVOL,Avolon Holdings Ltd
2014-12-12,HDP,"Hortonworks, Inc."
2014-12-12,MPG,Metaldyne Performance Group Inc.
2014-12-12,WK,WORKIVA INC
2014-12-17,ONDK,"On Deck Capital, Inc."
2014-12-17,RMP,Rice Midstream Partners LP
2014-12-18,BLCM,"BELLICUM PHARMACEUTICALS, INC"
2014-12-19,JUNO,"Juno Therapeutics, Inc."
2015-01-16,ICBK,"County Bancorp, Inc."
2015-01-16,PN,"Patriot National, Inc."
2015-01-23,BOX,BOX INC
2015-01-23,EURN,CMB.TECH NV
2015-01-27,ZSAN,Zosano Pharma Corp
2015-01-28,ASND,Ascendis Pharma A/S
2015-01-29,ENTL,ENTELLUS MEDICAL INC
2015-01-29,FLKS,Decoy Therapeutics Inc.
2015-01-29,LENS,Presbia PLC
2015-01-30,ONCE,"Spark Therapeutics, Inc."
2015-01-30,SHAK,Shake Shack Inc.
2015-01-30,TCON,"Tracon Pharmaceuticals, Inc."
2015-02-05,NVET,Nexvet Biopharma plc
2015-02-06,CPPL,Columbia Pipeline Partners LP
2015-02-06,DEA,"Easterly Government Properties, Inc."
2015-02-12,INOV,"Inovalon Holdings, Inc."
2015-02-12,NVTA,InVitae Corp
2015-02-13,AJX,Rithm Property Trust Inc.
2015-02-13,BLPH,"Bellerophon Therapeutics, Inc."
2015-02-13,EYEG,KIORA PHARMACEUTICALS INC
2015-02-18,ITEK,"ROCKET PHARMACEUTICALS, INC."
2015-02-19,RISE,Amplify Commodity Trust
2015-02-20,TONS,WisdomTree Coal Fund
2015-02-27,INQD,Indoor Harvest Corp
2015-03-05,SMMT,Summit Therapeutics Inc.
2015-03-06,MXPT,"MaxPoint Interactive, Inc."
2015-03-12,SUM,"Summit Materials, Inc."
2015-03-19,NCOM,National Commerce Corp
2015-03-20,STDY,SteadyMed Ltd.
2015-03-24,TANH,TANTECH HOLDINGS LTD
2015-03-25,CLLS,Cellectis S.A.
2015-03-26,FSB,Franklin Financial Network Inc.
2015-03-26,SEDG,"SOLAREDGE TECHNOLOGIES, INC."
2015-03-27,JCAP,"Jernigan Capital, Inc."
2015-04-01,GDDY,GoDaddy Inc.
2015-04-02,KRNT,Kornit Digital Ltd.
2015-04-08,WOWO,Chaince Digital Holdings Inc.
2015-04-09,CBYL,"KalVista Pharmaceuticals, Inc."
2015-04-15,ADRO,"CHINOOK THERAPEUTICS, INC."
2015-04-15,CDTX,"Cidara Therapeutics, Inc."
2015-04-15,XBIT,XBiotech Inc.
2015-04-16,ETSY,ETSY INC
2015-04-16,KMPH,"ZEVRA THERAPEUTICS, INC."
2015-04-16,PRTY,Party City Holdco Inc.
2015-04-16,VIRT,"Virtu Financial, Inc."
2015-04-23,NSA,National Storage Affiliates Trust
2015-04-24,APIC,Apigee Corp
2015-04-29,AAPC,Atlantic Alliance Partnership Corp.
2015-04-29,EVA,"Enviva, LLC"
2015-04-29,VKTX,"Viking Therapeutics, Inc."
2015-04-30,BPMC,Blueprint Medicines Corp
2015-05-01,BSM,"Black Stone Minerals, L.P."
2015-05-05,OPGN,CapForce Inc.
2015-05-06,ADAP,Adaptimmune Therapeutics PLC
2015-05-06,CLCD,"CoLucid Pharmaceuticals, Inc."
2015-05-06,HTGM,"HTG MOLECULAR DIAGNOSTICS, INC"
2015-05-07,COLL,"COLLEGIUM PHARMACEUTICAL, INC"
2015-05-07,LIFE,aTYR PHARMA INC
2015-05-07,TEGP,"Tallgrass Energy, LP"
2015-05-08,BOJA,"Bojangles', Inc."
2015-05-12,BVXV,Scinai Immunotherapeutics Ltd.
2015-05-12,EQGP,"EQGP Holdings, LP"
2015-05-13,JAGX,"Jaguar Health, Inc."
2015-05-14,FENX,"Fenix Parts, Inc."
2015-05-14,GLPG,Lakefront Biotherapeutics NV
2015-05-15,FTAI,FTAI Aviation Ltd.
2015-05-15,RKDA,"Arcadia Biosciences, Inc."
2015-05-19,CDRB,Code Rebel Corp
2015-05-20,BKFS,"Black Knight, Inc."
2015-05-21,BZUN,Baozun Inc.
2015-05-21,CHCT,Community Healthcare Trust Inc
2015-05-21,PGND,"Press Ganey Holdings, Inc."
2015-05-21,SHOP,SHOPIFY INC.
2015-06-04,PTXP,"PennTex Midstream Partners, LP"
2015-06-05,DTEA,DAVIDsTEA Inc.
2015-06-05,EVH,"Evolent Health, Inc."
2015-06-05,GI,"EndoChoice Holdings, Inc."
2015-06-10,WWRB,"Po Yuen Cultural Holdings (Hong Kong) Co., Ltd."
2015-06-11,AXON,Sio Gene Therapies Inc.
2015-06-11,BITI,Biotie Therapies Corp.
2015-06-11,PUB,Altabancorp
2015-06-12,WING,Wingstop Inc.
2015-06-15,IVTY,"Invuity, Inc."
2015-06-17,NVLS,"ALPINE IMMUNE SCIENCES, INC."
2015-06-18,FIT,"FITBIT, INC."
2015-06-19,CAFD,8point3 Energy Partners LP
2015-06-19,CYAD,Celyad Oncology SA
2015-06-19,FOGO,"Fogo de Chao, Inc."
2015-06-19,MB,"MINDBODY, Inc."
2015-06-25,CATB,"Astria Therapeutics, Inc."
2015-06-25,GKOS,GLAUKOS Corp
2015-06-25,GNRT,Euronav MI II Inc.
2015-06-25,LNTH,"Lantheus Holdings, Inc."
2015-06-25,MCRN,Milacron Holdings Corp.
2015-06-26,ALRM,"Alarm.com Holdings, Inc."
2015-06-26,APPF,APPFOLIO INC
2015-06-26,GPP,Green Plains Partners LP
2015-06-26,MCRB,"Seres Therapeutics, Inc."
2015-06-26,XTLY,Xactly Corp
2015-06-26,YECO,Yulong Eco-Materials Ltd
2015-07-01,CFMS,ConforMIS Inc
2015-07-01,CNXC,CONSOL Coal Resources LP
2015-07-01,TDOC,"Teladoc Health, Inc."
2015-07-01,UFAB,"Unique Fabricating, Inc."
2015-07-02,NTRA,"Natera, Inc."
2015-07-07,HLG,Hailiang Education Group Inc.
2015-07-16,CHMA,"CHIASMA, INC"
2015-07-16,DNAI,"Sierra Oncology, Inc."
2015-07-16,JP,Jupai Holdings Ltd
2015-07-16,OLLI,"Ollie's Bargain Outlet Holdings, Inc."
2015-07-17,MCFT,"MasterCraft Boat Holdings, Inc."
2015-07-17,OOMA,OOMA INC
2015-07-17,RPD,"Rapid7, Inc."
2015-07-22,BUFF,"Blue Buffalo Pet Products, Inc."
2015-07-23,LOB,"Live Oak Bancshares, Inc."
2015-07-23,NEOS,"Neos Therapeutics, Inc."
2015-07-28,NK,"ImmunityBio, Inc."
2015-07-30,VTVT,vTv Therapeutics Inc.
2015-07-31,AQMS,"Aqua Metals, Inc."
2015-07-31,GLBL,"TERRAFORM GLOBAL, INC."
2015-07-31,XELB,"XCel Brands, Inc."
2015-08-04,NTEC,Intec Pharma Ltd.
2015-08-05,RUN,SunRun Inc.
2015-08-05,ZYNE,"Zynerba Pharmaceuticals, Inc."
2015-08-06,AIMT,"Aimmune Therapeutics, Inc."
2015-08-06,PLNT,"Planet Fitness, Inc."
2015-08-12,GBT,"Global Blood Therapeutics, Inc."
2015-08-13,HLI,"HOULIHAN LOKEY, INC."
2015-08-18,BNTC,Benitec Biopharma LTD/ADR
2015-09-17,RGNX,REGENXBIO Inc.
2015-09-18,NBRV,Nabriva Therapeutics Plc
2015-09-18,PEN,Penumbra Inc
2015-10-01,EDGE,PDS Biotechnology Corp
2015-10-01,MIRN,"SYNLOGIC, INC."
2015-10-01,PFGC,Performance Food Group Co
2015-10-01,SGRY,"Surgery Partners, Inc."
2015-10-07,ACRS,"Aclaris Therapeutics, Inc."
2015-10-07,PSTG,"Everpure, Inc."
2015-10-08,ABTX,"Allegiance Bancshares, Inc."
2015-10-08,CTMX,"CytomX Therapeutics, Inc."
2015-10-09,PMTS,CPI Card Group Inc.
2015-10-15,FDC,FIRST DATA CORP
2015-10-16,SBBP,Strongbridge Biopharma plc
2015-10-20,AFCO,American Farmland Co
2015-10-21,RACE,Ferrari N.V.
2015-10-21,TLLT,"XSport Global, Inc."
2015-10-22,DMTX,"Dimension Therapeutics, Inc."
2015-10-22,MPSX,Multi Packaging Solutions International Ltd
2015-10-23,OASM,VIVESTO AB
2015-10-27,IOTS,ADESTO TECHNOLOGIES Corp
2015-10-29,MYOK,"MyoKardia, Inc."
2015-11-04,FORK,FULING GLOBAL INC.
2015-11-05,KURA,"Kura Oncology, Inc."
2015-11-11,AAAP,Advanced Accelerator Applications S.A.
2015-11-11,EQBK,EQUITY BANCSHARES INC
2015-11-11,WVE,Wave Life Sciences Ltd.
2015-11-12,XCOM,"XTERA COMMUNICATIONS, INC."
2015-11-13,INST,INSTRUCTURE INC
2015-11-13,MESO,MESOBLAST LTD
2015-11-19,AXSM,"Axsome Therapeutics, Inc."
2015-11-19,MIME,Mimecast Ltd
2015-11-19,MTCH,"Match Group Holdings II, LLC"
2015-11-19,SQ,"Block, Inc."
2015-11-20,DLTH,DULUTH HOLDINGS INC.
2015-11-20,KTOV,PURPLE BIOTECH LTD.
2015-12-10,TEAM,Atlassian Corp
2015-12-18,YRD,Yiren Digital Ltd.
2015-12-21,CCRC,"China Customer Relations Centers, Inc."
2016-02-03,BGNE,BeOne Medicines Ltd.
2016-02-03,EDIT,"Editas Medicine, Inc."
2016-02-11,AVXS,"AveXis, Inc."
2016-02-11,PTI,"KINETA, INC./DE"
2016-03-03,SNDX,Syndax Pharmaceuticals Inc
2016-03-17,HCM,HUTCHMED (China) Ltd
2016-03-18,SENS,"Senseonics Holdings, Inc."
2016-03-23,CRVS,"Corvus Pharmaceuticals, Inc."
2016-04-06,DTSS,DATASEA INC.
2016-04-07,AGLE,"Spyre Therapeutics, Inc."
2016-04-20,MGP,MGM Growth Properties LLC
2016-04-21,ARA,"American Renal Associates Holdings, Inc."
2016-04-22,SCWX,SecureWorks Corp
2016-04-27,YIN,Yintech Investment Holdings Ltd
2016-04-28,GWRS,"Global Water Resources, Inc."
2016-05-06,NTLA,"Intellia Therapeutics, Inc."
2016-05-06,SBPH,"F-star Therapeutics, Inc."
2016-05-11,TPB,"Turning Point Brands, Inc."
2016-05-12,SITE,"SiteOne Landscape Supply, Inc."
2016-05-13,ACIA,"Acacia Communications, Inc."
2016-05-18,PLSE,"PULSE BIOSCIENCES, INC."
2016-05-18,PZRX,"PHASERX, INC."
2016-05-19,MRUS,Merus N.V.
2016-05-19,RGNP,"Sigyn Therapeutics, Inc."
2016-05-19,SUPV,Grupo Supervielle S.A.
2016-05-24,MSBI,"Midland States Bancorp, Inc."
2016-05-26,COTV,"Cotiviti Holdings, Inc."
2016-05-26,GMS,GMS Inc.
2016-05-26,RETA,REATA PHARMACEUTICALS INC
2016-05-26,USFD,US Foods Holding Corp.
2016-06-02,CLSD,"Clearside Biomedical, Inc."
2016-06-02,MBRX,"Moleculin Biotech, Inc."
2016-06-02,NH,"NantHealth, Inc."
2016-06-10,COE,51Talk Online Education Group
2016-06-14,VIVE,"VIVEVE MEDICAL, INC."
2016-06-16,PBNC,Paragon Commercial CORP
2016-06-22,SELB,"Cartesian Therapeutics, Inc."
2016-06-23,TWLO,TWILIO INC
2016-06-29,GMRE,Chiron Real Estate Inc.
2016-06-30,SYRS,"Syros Pharmaceuticals, Inc."
2016-07-08,MSDI,"9 METERS BIOPHARMA, INC."
2016-07-14,LN,LINE Corp
2016-07-15,APFH,"AdvancePierre Foods Holdings, Inc."
2016-07-20,BOLD,"Audentes Therapeutics, Inc."
2016-07-21,PI,IMPINJ INC
2016-07-21,PTHN,Patheon N.V.
2016-07-22,TPIC,"TPI COMPOSITES, INC"
2016-07-27,KDMN,"Kadmon Holdings, Inc."
2016-07-28,KNSL,"Kinsale Capital Group, Inc."
2016-07-28,TCMD,TACTILE SYSTEMS TECHNOLOGY INC
2016-07-29,APOP,"Quoin Pharmaceuticals, Ltd."
2016-07-29,LTEA,Long Blockchain Corp.
2016-07-29,TLND,Talend S.A.
2016-08-04,FHB,"FIRST HAWAIIAN, INC."
2016-08-04,HOME,At Home Group Inc.
2016-08-05,GEMP,MetaVia Inc.
2016-08-11,MEDP,"Medpace Holdings, Inc."
2016-08-11,PTGX,"Protagonist Therapeutics, Inc"
2016-08-12,AIRG,AIRGAIN INC
2016-09-15,NBLX,Noble Midstream Partners LP
2016-09-16,EVBG,"EVERBRIDGE, INC."
2016-09-16,FBK,FB Financial Corp
2016-09-16,NTB,Bank of N.T. Butterfield & Son Ltd
2016-09-19,BGFT,Lord Global Corp
2016-09-21,NOVN,"NVN Liquidation, Inc."
2016-09-21,TTD,"Trade Desk, Inc."
2016-09-22,ELF,"e.l.f. Beauty, Inc."
2016-09-23,APTI,Apptio Inc
2016-09-23,GSUM,Gridsum Holding Inc.
2016-09-23,VVV,VALVOLINE INC
2016-09-28,TYHT,"SHINECO, INC."
2016-09-29,FLGT,"Fulgent Genetics, Inc."
2016-09-29,MRT,"MedEquities Realty Trust, Inc."
2016-09-29,TRHC,"Tabula Rasa HealthCare, Inc."
2016-09-30,NTNX,"Nutanix, Inc."
2016-10-06,AMMA,SCWorx Corp.
2016-10-06,OBLN,"Vyome Holdings, Inc"
2016-10-06,WAAS,AquaVenture Holdings Ltd
2016-10-07,CWH,"Camping World Holdings, Inc."
2016-10-07,MRAM,EVERSPIN TECHNOLOGIES INC.
2016-10-11,AZRX,GridAI Technologies Corp.
2016-10-12,AZRE,Azure Power Global Ltd
2016-10-12,XOG,"Extraction Oil & Gas, Inc."
2016-10-14,TUSK,"MAMMOTH ENERGY SERVICES, INC."
2016-10-19,CRSP,CRISPR Therapeutics AG
2016-10-20,FRTA,"Forterra, Inc."
2016-10-20,IRTC,"iRhythm Holdings, Inc."
2016-10-26,RARX,"Ra Pharmaceuticals, Inc."
2016-10-27,MYOV,Myovant Sciences Ltd.
2016-10-27,ZTO,ZTO Express (Cayman) Inc.
2016-10-28,BL,"BLACKLINE, INC."
2016-10-28,GOLF,Acushnet Holdings Corp.
2016-10-28,QTNA,"ON Semiconductor Connectivity Solutions, Inc."
2016-11-02,GDS,GDS Holdings Ltd
2016-11-04,SND,"Smart Sand, Inc."
2016-11-18,MTFB,Motif Bio plc
2016-12-07,POLA,"Polar Power, Inc."
2016-12-08,SNES,"SenesTech, Inc."
2016-12-09,ATH,Athene Holding Ltd.
2016-12-14,WRD,"Brazos Valley Longhorn, L.L.C."
2016-12-15,TIG,TiGenix NV
2016-12-16,TRVG,trivago N.V.
2016-12-27,HEBT,AIOS Tech Inc.
2017-01-20,FRAC,NEXTIER OILFIELD SOLUTIONS INC.
2017-01-26,ANAB,"ANAPTYSBIO, INC"
2017-01-26,OBSV,ObsEva SA
2017-01-27,JAG,Jagged Peak Energy Inc.
2017-01-27,JELD,"JELD-WEN Holding, Inc."
2017-01-27,JNCE,"Jounce Therapeutics, Inc."
2017-01-27,REVG,"REV Group, Inc."
2017-02-01,INVH,Invitation Homes Inc.
2017-02-03,KRP,"Kimbell Royalty Partners, LP"
2017-02-03,METC,"Ramaco Resources, Inc."
2017-02-10,FBM,"Foundation Building Materials, Inc."
2017-03-01,HLNE,Hamilton Lane INC
2017-03-02,SNAP,Snap Inc
2017-03-09,BYSI,BeyondSpring Inc.
2017-03-09,JILL,"J.Jill, Inc."
2017-03-10,PSDO,"Presidio, Inc."
2017-03-15,ARD,Ardagh Group S.A.
2017-03-17,MULE,"MULESOFT, INC"
2017-03-17,PUMP,ProPetro Holding Corp.
2017-03-22,TRPX,SciSparc Ltd.
2017-03-23,VLRX,Valeritas Holdings Inc.
2017-03-24,AYX,"Alteryx, Inc."
2017-04-05,HESM,Hess Midstream Operations LP
2017-04-06,ELVT,"Elevate Credit, Inc."
2017-04-07,OKTA,"Okta, Inc."
2017-04-12,NETS,Netshoes (Cayman) Ltd.
2017-04-13,CADE,Cadence Bancorporation
2017-04-13,HCC,"WARRIOR MET COAL, INC."
2017-04-13,TOCA,"Forte Biosciences, Inc."
2017-04-13,YEXT,"Yext, Inc."
2017-04-26,CATS,"Ontrak, Inc."
2017-04-27,FND,"Floor & Decor Holdings, Inc."
2017-04-27,VRNA,Verona Pharma plc
2017-04-28,CVNA,CARVANA CO.
2017-04-28,EEX,"Emerald Holding, Inc."
2017-04-28,NCSM,"NCS Multistage Holdings, Inc."
2017-04-28,XRF,SOS Ltd
2017-04-28,ZYME,Zymeworks BC Inc.
2017-05-04,AMGP,Antero Midstream Corp
2017-05-04,BHVN,Biohaven Pharmaceutical Holding Co Ltd.
2017-05-04,URGN,UroGen Pharma Ltd.
2017-05-05,KREF,KKR Real Estate Finance Trust Inc.
2017-05-05,OVID,Ovid Therapeutics Inc.
2017-05-09,GNTY,GUARANTY BANCSHARES INC /TX/
2017-05-10,FPH,"Five Point Holdings, LLC"
2017-05-12,ASV,"ASV HOLDINGS, INC."
2017-05-12,GDI,Ingersoll Rand Inc.
2017-05-12,SOI,"Solaris Energy Infrastructure, Inc."
2017-05-12,VERI,"Veritone, Inc."
2017-05-17,GTHX,"G1 Therapeutics, Inc."
2017-05-18,ARGX,ARGENX SE
2017-05-24,SGH,"Penguin Solutions, Inc."
2017-05-25,APPN,APPIAN CORP
2017-06-07,SSTI,"SOUNDTHINKING, INC."
2017-06-09,IMRN,Immuron Ltd
2017-06-09,PLYM,"Plymouth Industrial REIT, Inc."
2017-06-14,ATNX,"Athenex, Inc."
2017-06-15,ADOM,"Envirotech Vehicles, Inc."
2017-06-16,BOMN,BOSTON OMAHA Corp
2017-06-22,ATUS,"Optimum Communications, Inc."
2017-06-22,SAFE,Safehold Inc. /MD
2017-06-22,SGBX,OLENOX INDUSTRIES INC.
2017-06-23,GPMT,Granite Point Mortgage Trust Inc.
2017-06-27,ATXI,"AVENUE THERAPEUTICS, INC."
2017-06-27,ESQ,"Esquire Financial Holdings, Inc."
2017-06-28,MRSN,"Mersana Therapeutics, Inc."
2017-06-29,ALRN,"Rein Therapeutics, Inc."
2017-06-29,APRN,"Blue Apron Holdings, Inc."
2017-06-29,DOVA,Dova Pharmaceuticals Inc.
2017-06-30,BY,"BYLINE BANCORP, INC."
2017-07-12,CODX,"Co-Diagnostics, Inc."
2017-07-14,AKCA,"AKCEA THERAPEUTICS, INC."
2017-07-20,CLXT,"Cibus, Inc."
2017-07-20,KALA,"KALA BIO, Inc."
2017-07-20,TRTX,"TPG RE Finance Trust, Inc."
2017-07-20,USOD,USCF Funds Trust
2017-07-21,PETQ,"PetIQ, Inc."
2017-07-26,RBB,RBB Bancorp
2017-07-27,SNNA,"Sienna Biopharmaceuticals, Inc."
2017-07-28,NEWA,"Newater Technology, Inc."
2017-07-28,RDFN,Redfin CORP
2017-08-02,CMTA,Clementia Pharmaceuticals Inc.
2017-08-08,CIFS,"Freight Technologies, Inc."
2017-08-09,ZEAL,Zealand Pharma A/S
2017-08-11,YOGA,"YogaWorks, Inc."
2017-08-18,CSSE,"Chicken Soup for the Soul Entertainment, Inc."
2017-09-01,ZKIN,"ZK International Group Co., Ltd."
2017-09-14,TRMT,Tremont Mortgage Trust
2017-09-20,BSTI,BEST Inc.
2017-09-20,CELC,Celcuity Inc.
2017-09-20,DESP,"Despegar.com, Corp."
2017-09-20,KRYS,"Krystal Biotech, Inc."
2017-09-20,ZLAB,Zai Lab Ltd
2017-09-21,OMP,Oasis Midstream Partners LP
2017-09-21,PETZ,"TDH Holdings, Inc."
2017-09-22,SECO,Secoo Holding Ltd
2017-09-27,RYB,"Mynd.ai, Inc."
2017-09-28,DCPH,"Deciphera Pharmaceuticals, Inc."
2017-09-28,NCNA,NuCana plc
2017-09-28,NITE,Nightstar Therapeutics plc
2017-09-29,PQG,Ecovyst Inc.
2017-10-05,RYTM,"RHYTHM PHARMACEUTICALS, INC."
2017-10-06,SWCH,"Switch, Inc."
2017-10-12,CARG,"CarGurus, Inc."
2017-10-12,KIDS,ORTHOPEDIATRICS CORP
2017-10-13,OPTN,"OptiNose, Inc."
2017-10-18,QD,High Templar Tech Ltd
2017-10-19,MDB,"MongoDB, Inc."
2017-10-19,RMBL,"RideNow Group, Inc."
2017-10-19,SE,Sea Ltd
2017-10-20,LYL,Metalpha Technology Holding Ltd
2017-10-23,FAT,"Fat Brands, Inc"
2017-10-25,ABLX,Ablynx NV
2017-10-26,BPMP,BP Midstream Partners LP
2017-10-26,EYE,"National Vision Holdings, Inc."
2017-10-27,FSCT,"FORESCOUT TECHNOLOGIES, INC"
2017-10-27,MBIN,Merchants Bancorp
2017-10-27,NEXA,Nexa Resources S.A.
2017-11-01,LOMA,Loma Negra Compania Industrial Argentina Sociedad Anonima
2017-11-02,ALNA,"Allena Pharmaceuticals, Inc."
2017-11-02,AQUA,Evoqua Water Technologies Corp.
2017-11-02,FNKO,"Funko, Inc."
2017-11-02,SPRO,"Spero Therapeutics, Inc."
2017-11-03,AQ,AQUANTIA CORP
2017-11-03,HX,Akso Health Group
2017-11-08,CBTX,"Stellar Bancorp, Inc."
2017-11-08,IFRX,InflaRx N.V.
2017-11-08,MCB,Metropolitan Bank Holding Corp.
2017-11-09,APLS,"Apellis Pharmaceuticals, Inc."
2017-11-09,SOGO,SOGOU INC.
2017-11-10,BAND,Bandwidth Inc.
2017-11-10,ERYP,PHAXIAM Therapeutics S.A.
2017-11-10,PPDF,FinVolution Group
2017-11-15,SEND,"SendGrid, Inc."
2017-11-16,ASNS,"X4 Pharmaceuticals, Inc"
2017-11-16,JT,Jianpu Technology Inc.
2017-11-17,AMRH,"Enveric Biosciences, Inc."
2017-11-17,BXG,BLUEGREEN VACATIONS CORP
2017-11-17,LEVB,"cbdMD, Inc."
2017-11-17,SAIL,"Sailpoint Technologies Holdings, Inc."
2017-11-17,SBT,"Sterling Bancorp, Inc."
2017-11-17,SCPH,scPharmaceuticals Inc.
2017-11-17,SFIX,"Stitch Fix, Inc."
2017-11-29,RETO,"ReTo Eco-Solutions, Inc."
2017-11-30,BOXL,Boxlight Corp
2017-12-07,CURO,CURO Group Holdings Corp.
2017-12-07,ODT,"Odonate, Inc."
2017-12-07,QTRX,Quanterix Corp
2017-12-08,DNLI,Denali Therapeutics Inc.
2017-12-08,LBC,Luther Burbank Corp
2017-12-15,CASA,Casa Systems Inc
2017-12-15,NMRK,"NEWMARK GROUP, INC."
2017-12-20,DOGZ,Dogness (International) Corp
2017-12-21,LX,LexinFintech Holdings Ltd.
2017-12-22,ICLK,Amber International Holding Ltd
2018-01-02,CUE,"Cue Biopharma, Inc."
2018-01-12,ILPT,Industrial Logistics Properties Trust
2018-01-12,LBRT,Liberty Energy Inc.
2018-01-19,ADT,ADT Inc.
2018-01-19,COLD,AMERICOLD REALTY TRUST
2018-01-19,NINE,"Nine Energy Service, Inc."
2018-01-24,PAGS,PagSeguro Digital Ltd.
2018-01-25,EYEN,"HYPERION DEFI, INC."
2018-01-25,GTES,Gates Industrial Corp plc
2018-01-25,MNLO,VYNE Therapeutics Inc.
2018-01-26,AGS,"PlayAGS, Inc."
2018-01-26,ARMO,"ARMO BioSciences, Inc."
2018-01-26,SLDB,Solid Biosciences Inc.
2018-01-26,TORC,"Adicet Bio, Inc."
2018-02-01,CAAP,CORPORACION AMERICA AIRPORTS S.A.
2018-02-01,HUD,Hudson Ltd.
2018-02-01,IPIC,iPic Entertainment Inc.
2018-02-01,OSS,"ONE STOP SYSTEMS, INC."
2018-02-01,SLGL,Sol-Gel Technologies Ltd.
2018-02-01,VICI,VICI PROPERTIES INC.
2018-02-02,FTSI,"FTS International, Inc."
2018-02-05,PLTM,GraniteShares Platinum Trust
2018-02-05,SSLJ,SSLJ. COM Ltd
2018-02-08,EOLS,"Evolus, Inc."
2018-02-08,HMI,Zepp Health Corp
2018-02-08,WHD,"Cactus, Inc."
2018-02-09,CDLX,"Cardlytics, Inc."
2018-02-09,QES,Quintana Energy Services Inc.
2018-02-14,BFRA,Biofrontera AG
2018-02-14,MOTS,"Motus GI Holdings, Inc."
2018-02-16,FAMI,"Farmmi, Inc."
2018-03-08,BTAI,"BioXcel Therapeutics, Inc."
2018-03-14,BWB,Bridgewater Bancshares Inc
2018-03-15,RCUS,"Arcus Biosciences, Inc."
2018-03-16,AIHS,Senmiao Technology Ltd
2018-03-16,ZS,"Zscaler, Inc."
2018-03-22,BDRY,Amplify Commodity Trust
2018-03-23,DBX,"DROPBOX, INC."
2018-03-23,STG,Sunlands Technology Group
2018-03-27,GHG,GreenTree Hospitality Group Ltd.
2018-03-28,BILI,Bilibili Inc.
2018-03-28,FIXX,Q32 Bio Inc.
2018-03-28,ONE,Meta Data Ltd
2018-03-28,OPBK,OP Bancorp
2018-03-29,GNPX,"Genprex, Inc."
2018-03-29,IQ,"iQIYI, Inc."
2018-03-29,UMRX,"Cogent Biosciences, Inc."
2018-04-03,SPOT,Spotify Technology S.A.
2018-04-12,ZUO,ZUORA INC
2018-04-18,AGMH,"AGM GROUP HOLDINGS, INC."
2018-04-19,EAF,GRAFTECH INTERNATIONAL LTD
2018-04-19,SURF,"Surface Oncology, Inc."
2018-04-20,LEVL,Level One Bancorp Inc
2018-04-20,PVTL,"Pivotal Software, Inc."
2018-04-26,CDAY,"Dayforce, Inc."
2018-04-27,GSHD,"Goosehead Insurance, Inc."
2018-05-02,PRT,PermRock Royalty Trust
2018-05-03,INSP,"Inspire Medical Systems, Inc."
2018-05-03,UBX,"Unity Biotechnology, Inc."
2018-05-03,XSPL,"Vinco Ventures, Inc."
2018-05-04,ASLN,ASLAN Pharmaceuticals Ltd
2018-05-04,BCML,BayCom Corp
2018-05-04,CBLK,"Carbon Black, Inc."
2018-05-04,ROAD,"Construction Partners, Inc."
2018-05-04,STXB,"Spirit of Texas Bancshares, Inc."
2018-05-09,EVLO,"Evelo Biosciences, Inc."
2018-05-09,OBNK,"Origin Bancorp, Inc."
2018-05-10,EQH,"Equitable Holdings, Inc."
2018-05-11,HUYA,HUYA Inc.
2018-05-17,PS,"Pluralsight, Inc."
2018-05-23,EVOP,"EVO Payments, Inc."
2018-05-24,CLPS,CLPS Inc
2018-05-24,GSKY,"GreenSky, Inc."
2018-05-24,KNSA,"Kiniksa Pharmaceuticals International, plc"
2018-05-24,SRRK,Scholar Rock Holding Corp
2018-05-25,ITRM,Iterum Therapeutics plc
2018-05-31,HJLI,enVVeno Medical Corp
2018-06-01,AMBO,Ambow Education Holding Ltd.
2018-06-08,MGTX,MeiraGTx Holdings plc
2018-06-14,CHRA,"Charah Solutions, Inc."
2018-06-14,USX,US XPRESS ENTERPRISES INC
2018-06-15,VRCA,Verrica Pharmaceuticals Inc.
2018-06-20,EIDX,"Eidos Therapeutics, Inc."
2018-06-21,APTX,Aptinyx Inc.
2018-06-21,AVRO,"Tectonic Therapeutic, Inc."
2018-06-21,EPRT,"ESSENTIAL PROPERTIES REALTY TRUST, INC."
2018-06-21,IIIV,"i3 Verticals, Inc."
2018-06-21,MGTA,"Dianthus Therapeutics, Inc. /DE/"
2018-06-21,XERS,XERIS PHARMACEUTICALS INC
2018-06-22,AUTL,Autolus Therapeutics plc
2018-06-26,GLDM,World Gold Trust
2018-06-27,HYRE,"HC LIQUIDATING, INC."
2018-06-27,LOVE,Lovesac Co
2018-06-27,NTGN,"Neon Therapeutics, Inc."
2018-06-27,UXIN,Uxin Ltd
2018-06-28,BJ,"BJ's Wholesale Club Holdings, Inc."
2018-06-28,BV,"BrightView Holdings, Inc."
2018-06-28,ENTX,Entera Bio Ltd.
2018-06-28,FTSV,"Forty Seven, Inc."
2018-06-28,STIM,"Neuronetics, Inc."
2018-06-28,TBIO,"Translate Bio, Inc."
2018-06-28,TCDA,"Tricida, Inc."
2018-06-29,DOMO,"DOMO, INC."
2018-07-18,CCB,COASTAL FINANCIAL CORP
2018-07-18,CRNX,"Crinetics Pharmaceuticals, Inc."
2018-07-18,RUBY,"Rubius Therapeutics, Inc."
2018-07-19,ALLK,Allakos Inc.
2018-07-19,CNST,CONSTELLATION PHARMACEUTICALS INC
2018-07-19,ESTA,ESTABLISHMENT LABS HOLDINGS INC.
2018-07-19,TLRY,"Tilray Brands, Inc."
2018-07-20,REPL,"Replimune Group, Inc."
2018-07-24,PRVB,"Provention Bio, Inc."
2018-07-25,AQST,"Aquestive Therapeutics, Inc."
2018-07-25,BE,Bloom Energy Corp
2018-07-26,BRY,Berry Corp (bry)
2018-07-26,CANG,Cango Inc.
2018-07-26,FOCS,Focus Financial Partners Inc.
2018-07-26,JG,Aurora Mobile Ltd
2018-07-26,LQDA,Liquidia Technologies Inc
2018-07-26,PDD,PDD Holdings Inc.
2018-07-26,TENB,"Tenable Holdings, Inc."
2018-07-27,ADIL,"ADIAL PHARMACEUTICALS, INC."
2018-07-27,DAVA,Endava plc
2018-07-27,OPRA,Opera Ltd
2018-07-27,WISA,Datavault AI Inc.
2018-08-02,CWK,Cushman & Wakefield Ltd.
2018-08-02,SONO,Sonos Inc
2018-08-03,ARLO,"Arlo Technologies, Inc."
2018-08-09,PCB,PCB BANCORP
2018-08-09,VCNX,"VACCINEX, INC."
2018-08-10,MESA,REPUBLIC AIRWAYS HOLDINGS INC.
2018-08-14,ARDS,"Aridis Pharmaceuticals, Inc."
2018-08-17,SFET,Alarum Technologies Ltd.
2018-09-12,NIO,NIO Inc.
2018-09-12,YI,"111, Inc."
2018-09-14,FVCB,"FVCBankcorp, Inc."
2018-09-14,PRNB,Principia Biopharma Inc.
2018-09-14,QTT,Qutoutiao Inc.
2018-09-19,XYF,X Financial
2018-09-20,BSVN,Bank7 Corp.
2018-09-20,EB,"Eventbrite, Inc."
2018-09-20,ELAN,Elanco Animal Health Inc
2018-09-21,FTCH,Farfetch Ltd
2018-09-21,YMAB,"Y-mAbs Therapeutics, Inc."
2018-09-25,VIOT,"Viomi Technology Co., Ltd"
2018-09-26,ARCE,Arco Platform Ltd.
2018-09-26,CBNK,Capital Bancorp Inc
2018-09-26,ETTX,Entasis Therapeutics Holdings Inc.
2018-09-26,SVMK,MOMENTIVE GLOBAL INC.
2018-09-27,ARVN,"ARVINAS, INC."
2018-09-27,LAIX,LAIX Inc.
2018-09-27,RMED,"Catheter Precision, Inc."
2018-09-27,STRO,"SUTRO BIOPHARMA, INC."
2018-09-27,UROV,Urovant Sciences Ltd.
2018-09-28,CTK,CooTek(Cayman)Inc.
2018-09-28,GRTS,"Gritstone bio, Inc."
2018-10-03,UPWK,"UPWORK, INC"
2018-10-04,GH,"Guardant Health, Inc."
2018-10-04,KOD,Kodiak Sciences Inc.
2018-10-05,ESTC,Elastic N.V.
2018-10-11,ALLO,"Allogene Therapeutics, Inc."
2018-10-11,LTHM,Livent Corp.
2018-10-12,EQ,"Equillium, Inc."
2018-10-12,PLAN,"Anaplan, Inc."
2018-10-17,SIBN,"SI-BONE, Inc."
2018-10-18,MSC,STUDIO CITY INTERNATIONAL HOLDINGS Ltd
2018-10-18,OSMT,RVL Pharmaceuticals plc
2018-10-18,PHAS,PhaseBio Pharmaceuticals Inc
2018-10-19,LOGC,"LogicBio Therapeutics, Inc."
2018-10-19,SWI,SolarWinds Corp
2018-10-25,PT,J & Friends Holdings Ltd
2018-10-25,STNE,StoneCo Ltd.
2018-10-25,YETI,"YETI Holdings, Inc."
2018-10-26,GMDA,Gamida Cell Ltd.
2018-10-31,AXNX,"Axonics, Inc."
2018-10-31,ORTX,Orchard Therapeutics plc
2018-10-31,TWST,Twist Bioscience Corp
2018-11-07,CNF,CNFinance Holdings Ltd.
2018-11-13,ETON,"Eton Pharmaceuticals, Inc."
2018-11-14,VAPO,VAPOTHERM INC
2018-11-15,WEI,Weidai Ltd.
2018-11-20,TC,Token Cat Ltd
2018-11-20,TLSA,Tiziana Life Sciences Ltd
2018-11-21,TLC,"Taiwan Liposome Company, Ltd."
2018-12-07,DMAC,DiaMedica Therapeutics Inc.
2018-12-07,MRNA,"Moderna, Inc."
2018-12-12,TME,Tencent Music Entertainment Group
2018-12-14,LEGH,Legacy Housing Corp
2018-12-14,QFIN,"Qfin Holdings, Inc."
2018-12-18,APM,Aptorum Group Ltd
2018-12-19,AMTB,Amerant Bancorp Inc.
2018-12-27,PHCF,"Puhui Wealth Investment Management Co., Ltd."
2019-01-04,SXTC,"China SXT Pharmaceuticals, Inc."
2019-01-08,MDJH,MDJM LTD
2019-01-08,MTC,"MMTEC, INC."
2019-01-31,NFE,New Fortress Energy Inc.
2019-02-04,INMB,"Inmune Bio, Inc."
2019-02-07,ALEC,"Alector, Inc."
2019-02-08,GOSS,"Gossamer Bio, Inc."
2019-02-08,HARP,"Harpoon Therapeutics, Inc."
2019-02-12,ANCN,Chemomab Therapeutics Ltd.
2019-02-13,IMAC,"IMAC Holdings, Inc."
2019-02-15,HOTH,Rocket One Inc.
2019-02-15,MITO,Stealth BioTherapeutics Corp
2019-02-19,SOLY,"Soliton, Inc."
2019-02-26,SLGG,"Super League Enterprise, Inc."
2019-02-28,KLDO,"Kaleido Biosciences, Inc."
2019-03-07,SWAV,"ShockWave Medical, Inc."
2019-03-08,FHL,Futu Holdings Ltd
2019-03-21,LEVI,LEVI STRAUSS & CO
2019-03-27,GNFT,Genfit S.A.
2019-03-28,DTIL,PRECISION BIOSCIENCES INC
2019-03-28,WTRE,Watford Holdings Ltd.
2019-03-29,LYFT,"Lyft, Inc."
2019-03-29,PUYI,Maase Inc.
2019-04-02,PBTS,"X3 Holdings Co., Ltd."
2019-04-03,RUHN,Ruhnn Holding Ltd
2019-04-04,NGM,NGM BIOPHARMACEUTICALS INC
2019-04-04,SILK,Silk Road Medical Inc
2019-04-05,GHSI,"Guardion Health Sciences, Inc."
2019-04-11,PD,"PagerDuty, Inc."
2019-04-11,TUFN,Tufin Software Technologies Ltd.
2019-04-12,JMIA,Jumia Technologies AG
2019-04-17,BWAY,Brainsway Ltd.
2019-04-17,TPTX,"Turning Point Therapeutics, Inc."
2019-04-18,GNLN,"Greenlane Holdings, Inc."
2019-04-18,HOOK,HOOKIPA Pharma Inc.
2019-04-18,MNRL,MNRL Sub Inc.
2019-04-18,PINS,"PINTEREST, INC."
2019-04-18,ZM,"Zoom Communications, Inc."
2019-05-02,BYND,"BEYOND MEAT, INC."
2019-05-02,SY,So-Young International Inc.
2019-05-02,TMDX,"TransMedics Group, Inc."
2019-05-03,ATIF,ATIF Holdings Ltd
2019-05-03,RRBI,RED RIVER BANCSHARES INC
2019-05-03,SCPL,SciPlay Corp
2019-05-03,YJ,Yunji Inc.
2019-05-07,TRVI,"Trevi Therapeutics, Inc."
2019-05-08,PSN,PARSONS CORP
2019-05-09,AXLA,Axcella Health Inc.
2019-05-09,CRTX,"Quince Therapeutics, Inc."
2019-05-09,MEC,"Mayville Engineering Company, Inc."
2019-05-09,MIST,Milestone Pharmaceuticals Inc.
2019-05-09,NXTC,"NextCure, Inc."
2019-05-09,SPFI,"SOUTH PLAINS FINANCIAL, INC."
2019-05-10,JFIN,Jiayin Group Inc.
2019-05-10,SONM,"DNA X, Inc."
2019-05-14,APLT,"Applied Therapeutics, Inc."
2019-05-15,PSTL,"Postal Realty Trust, Inc."
2019-05-17,FSLY,"Fastly, Inc."
2019-05-17,LK,Luckin Coffee Inc.
2019-05-23,BCYC,BICYCLE THERAPEUTICS PLC
2019-05-23,IDYA,"Ideaya Biosciences, Inc."
2019-06-06,GSX,Gaotu Techedu Inc.
2019-06-07,RVLV,"Revolve Group, Inc."
2019-06-12,CRWD,"CrowdStrike Holdings, Inc."
2019-06-12,MWK,"Aterian, Inc."
2019-06-14,CHWY,"Chewy, Inc."
2019-06-19,STOK,"Stoke Therapeutics, Inc."
2019-06-20,AKRO,"Akero Therapeutics, Inc."
2019-06-20,BCEL,"Atreca, Inc."
2019-06-20,GO,Grocery Outlet Holding Corp.
2019-06-20,PRVL,Prevail Therapeutics Inc.
2019-06-20,PSNL,"Personalis, Inc."
2019-06-20,WORK,"Slack Technologies, Inc."
2019-06-26,CMBM,Cambium Networks Corp
2019-06-26,LINX,Linx S.A.
2019-06-27,BBIO,"BridgeBio Pharma, Inc."
2019-06-27,CHNG,Change Healthcare Inc.
2019-06-27,MORF,"Morphic Holding, Inc."
2019-06-28,KRTX,"Karuna Therapeutics, Inc."
2019-06-28,REAL,"TheRealReal, Inc."
2019-07-18,AMK,"AssetMark Financial Holdings, Inc."
2019-07-18,FULC,"Fulcrum Therapeutics, Inc."
2019-07-18,GMAB,GENMAB A/S
2019-07-18,MIRM,"Mirum Pharmaceuticals, Inc."
2019-07-19,AFYA,Afya Ltd
2019-07-19,IFS,Intercorp Financial Services Inc.
2019-07-19,MDLA,"Medallia, Inc."
2019-07-25,CSTL,CASTLE BIOSCIENCES INC
2019-07-25,HCAT,"Health Catalyst, Inc."
2019-07-25,LVGO,"Livongo Health, Inc."
2019-07-25,NOVA,Sunnova Energy International Inc.
2019-07-25,PROS,"ProSight Global, Inc."
2019-07-26,BHAT,Blue Hat Interactive Entertainment Technology
2019-07-26,VIST,"Vista Energy, S.A.B. de C.V."
2019-07-26,WSG,Wanda Sports Group Co Ltd
2019-08-01,DT,"Dynatrace, Inc."
2019-08-01,KRUS,"KURA SUSHI USA, INC."
2019-08-01,SNDL,SNDL Inc.
2019-08-05,HKIB,AMTD IDEA GROUP
2019-08-08,INMD,InMode Ltd.
2019-08-14,PLIN,BIT ORIGIN Ltd
2019-08-15,CFB,"CROSSFIRST BANKSHARES, INC."
2019-09-12,SDC,"SmileDirectClub, Inc."
2019-09-12,TXG,"10X Genomics, Inc."
2019-09-13,ALRS,ALERUS FINANCIAL CORP
2019-09-13,NET,"CloudFlare, Inc."
2019-09-13,STSA,"Satsuma Pharmaceuticals, Inc."
2019-09-13,SWTX,"SpringWorks Therapeutics, Inc."
2019-09-18,IGMS,"IGM Biosciences, Inc."
2019-09-19,DDOG,"Datadog, Inc."
2019-09-19,PING,Ping Identity Holding Corp.
2019-09-19,XGN,EXAGEN INC.
2019-09-26,OPRT,Oportun Financial Corp
2019-09-26,PTON,"PELOTON INTERACTIVE, INC."
2019-10-03,APRE,"Aprea Therapeutics, Inc."
2019-10-03,FREQ,"Korro Bio, Inc."
2019-10-03,MCBS,"MetroCity Bankshares, Inc."
2019-10-03,VIE,"Viela Bio, Inc."
2019-10-10,BNTX,BioNTech SE
2019-10-11,HBT,"HBT Financial, Inc."
2019-10-17,IPHA,Innate Pharma SA
2019-10-24,BRP,"Baldwin Insurance Group, Inc."
2019-10-25,AIH,Aesthetic Medical International Holdings Group Ltd
2019-10-25,CABA,"Cabaletta Bio, Inc."
2019-10-25,DAO,"Youdao, Inc."
2019-10-25,HAPP,Paranovus Entertainment Technology Ltd.
2019-10-25,PGNY,"Progyny, Inc."
2019-10-25,PHAT,"Phathom Pharmaceuticals, Inc."
2019-10-25,TFFP,"TFF Pharmaceuticals, Inc."
2019-10-31,OYST,"Oyster Point Pharma, Inc."
2019-10-31,RAPT,"RAPT Therapeutics, Inc."
2019-11-01,DUO,Fangdd Network Group Ltd.
2019-11-05,QK,XChange TEC.INC
2019-11-07,CNTG,Centogene N.V.
2019-11-07,GRTX,"Galera Therapeutics, Inc."
2019-11-08,CNSP,"CNS Pharmaceuticals, Inc."
2019-11-08,MOHO,ECMOHO Ltd
2019-11-08,TELA,"TELA Bio, Inc."
2019-11-11,ETNB,"89bio, Inc."
2019-11-13,YAYO,"EVmo, Inc."
2019-11-21,CAN,Canaan Inc.
2019-11-21,SITM,SITIME Corp
2019-11-22,PINE,"Alpine Income Property Trust, Inc."
2019-12-05,LMPX,"LMP Automotive Holdings, Inc."
2019-12-11,XP,XP Inc.
2019-12-12,BILL,"BILL Holdings, Inc."
2019-12-12,EH,EHang Holdings Ltd
2019-12-13,OCFT,"ONECONNECT FINANCIAL TECHNOLOGY CO., LTD."
2019-12-13,SPT,"Sprout Social, Inc."
2019-12-19,INDO,Indonesia Energy Corp Ltd
2019-12-30,MKD,Molecular Data Inc.
2020-01-17,DNK,Phoenix Tree Holdings Ltd
2020-01-17,IMAB,NovaBridge Biosciences
2020-01-17,LIZI,Sound Group Inc.
2020-01-17,VEL,"Velocity Financial, Inc."
2020-01-29,ANVS,"Annovis Bio, Inc."
2020-01-30,ANPC,Fresh2 Group Ltd
2020-01-30,BDTX,"Black Diamond Therapeutics, Inc."
2020-01-31,ARQT,"Arcutis Biotherapeutics, Inc."
2020-01-31,ONEM,1life Healthcare Inc
2020-01-31,REYN,Reynolds Consumer Products Inc.
2020-02-06,BEAM,Beam Therapeutics Inc.
2020-02-06,PPD,"PPD, Inc."
2020-02-07,NREF,"NexPoint Real Estate Finance, Inc."
2020-02-07,PFHD,Professional Holding Corp.
2020-02-12,HUIZ,Huize Holding Ltd
2020-02-13,GRIL,Sadot Group Inc.
2020-02-13,MEDS,"Scienture Holdings, Inc."
2020-02-13,RVMD,"Revolution Medicines, Inc."
2020-02-24,ZCMD,Zhongchao Inc.
2020-02-28,PASG,"Passage BIO, Inc."
2020-03-03,GFL,GFL Environmental Inc.
2020-03-12,IMRA,"Enliven Therapeutics, Inc."
2020-04-01,WIMI,WiMi Hologram Cloud Inc.
2020-04-03,ZNTL,"Zentalis Pharmaceuticals, Inc."
2020-04-08,KROS,"Keros Therapeutics, Inc."
2020-04-24,ORIC,"Oric Pharmaceuticals, Inc."
2020-05-01,LYRA,"Lyra Therapeutics, Inc."
2020-05-05,GAN,GAN Ltd
2020-05-08,AYLA,"Old Ayala, Inc"
2020-05-08,KC,Kingsoft Cloud Holdings Ltd
2020-05-15,ADCT,ADC Therapeutics SA
2020-05-21,SLQT,"SelectQuote, Inc."
2020-05-22,NARI,"Inari Medical, Inc."
2020-06-03,PLRX,"PLIANT THERAPEUTICS, INC."
2020-06-03,WMG,Warner Music Group Corp.
2020-06-04,ZI,ZoomInfo Technologies Inc.
2020-06-05,AMTI,Applied Molecular Transport Inc.
2020-06-05,CALT,Calliditas Therapeutics AB
2020-06-05,DADA,Dada Nexus Ltd
2020-06-05,LEGN,Legend Biotech Corp
2020-06-09,VRM,"Vroom, Inc."
2020-06-10,UCL,uCloudlink Group Inc.
2020-06-11,LTRN,Lantern Pharma Inc.
2020-06-12,AZEK,AZEK Co Inc.
2020-06-12,GBIO,Generation Bio Co.
2020-06-12,PCVX,"Vaxcyte, Inc."
2020-06-12,RNA,"Avidity Biosciences, Inc."
2020-06-16,RPRX,Royalty Pharma plc
2020-06-19,FMTX,"Forma Therapeutics Holdings, Inc."
2020-06-19,GTH,Genetron Holdings Ltd
2020-06-19,PROG,"BIORA THERAPEUTICS, INC."
2020-06-19,RPTX,Repare Therapeutics Inc.
2020-06-26,ACI,"Albertsons Companies, Inc."
2020-06-26,AKUS,"Akouos, Inc."
2020-06-26,API,"Agora, Inc."
2020-06-26,EBON,Ebang International Holdings Inc.
2020-06-26,FUSN,Fusion Pharmaceuticals Inc.
2020-06-26,PYPD,PolyPid Ltd.
2020-06-30,ADTX,"Aditxt, Inc."
2020-07-01,DNB,"Dun & Bradstreet Holdings, Inc."
2020-07-02,ACCD,"Accolade, Inc."
2020-07-02,LMND,"Lemonade, Inc."
2020-07-08,BLCT,BlueCity Holdings Ltd
2020-07-08,TXAC,POINT Biopharma Global Inc.
2020-07-10,IVA,Inventiva S.A.
2020-07-10,NKTX,"Nkarta, Inc."
2020-07-10,PSTX,"Poseida Therapeutics, Inc."
2020-07-10,QH,QUHUO Ltd
2020-07-14,NCNO,"nCino OpCo, Inc."
2020-07-15,GOCO,"GoHealth, Inc."
2020-07-16,RLAY,"Relay Therapeutics, Inc."
2020-07-17,ALXO,ALX ONCOLOGY HOLDINGS INC
2020-07-17,BLI,"Bruker Cellular Analysis, Inc."
2020-07-17,PAND,"Pandion Therapeutics, Inc."
2020-07-17,RNLX,Renalytix plc
2020-07-22,JAMF,Jamf Holding Corp.
2020-07-23,EDTK,Skillful Craftsman Education Technology Ltd
2020-07-23,MEG,"Onterris, Inc."
2020-07-24,ANNX,"Annexon, Inc."
2020-07-24,INZY,"Inozyme Pharma, Inc."
2020-07-24,ITOS,"iTeos Therapeutics, Inc."
2020-07-24,NRIX,"Nurix Therapeutics, Inc."
2020-07-29,VERX,"Vertex, Inc."
2020-07-30,LI,Li Auto Inc.
2020-07-31,FTHM,Fathom Holdings Inc.
2020-07-31,GOED,Polished.com Inc.
2020-07-31,VITL,"Vital Farms, Inc."
2020-07-31,VSTA,Vasta Platform Ltd
2020-08-04,HSAQ,"Orchestra BioMed Holdings, Inc."
2020-08-05,BIGC,"Commerce.com, Inc."
2020-08-05,RXT,"Rackspace Technology, Inc."
2020-08-06,AFIB,"Acutus Medical, Inc."
2020-08-06,OSH,"Oak Street Health, Inc."
2020-08-06,RKT,"Rocket Companies, Inc."
2020-08-07,ARYA,"Nautilus Biotechnology, Inc."
2020-08-07,CMPI,"Checkmate Pharmaceuticals, Inc."
2020-08-07,FRLN,Freeline Therapeutics Holdings plc
2020-08-07,IBEX,IBEX Ltd
2020-08-12,FSDC,"Disc Medicine, Inc."
2020-08-12,KBNT,"Kubient, Inc."
2020-08-13,BEKE,KE Holdings Inc.
2020-08-13,NTST,NetSTREIT Corp.
2020-08-14,CVAC,CureVac N.V.
2020-08-14,DCT,"DUCK CREEK TECHNOLOGIES, INC."
2020-08-19,HRMY,"Harmony Biosciences Holdings, Inc."
2020-08-19,INBX,"Inhibrx, Inc."
2020-08-21,NNOX,Nano-X Imaging Ltd.
2020-08-27,XPEV,XPENG INC.
2020-08-28,GP,GREENPOWER MOTOR Co INC.
2020-08-28,HCDI,"Harbor Custom Development, Inc."
2020-08-28,SNBP,"Panbela Therapeutics, Inc."
2020-08-31,AUVI,"Applied UV, Inc."
2020-09-01,PRFX,PRF Technologies Ltd.
2020-09-03,BCTG,"Tango Therapeutics, Inc."
2020-09-15,OM,"Outset Medical, Inc."
2020-09-16,FROG,JFrog Ltd
2020-09-16,STEP,StepStone Group Inc.
2020-09-17,AMWL,American Well Corp
2020-09-17,BNL,"Broadstone Net Lease, Inc."
2020-09-17,DYN,"Dyne Therapeutics, Inc."
2020-09-17,PTVE,Pactiv Evergreen Inc.
2020-09-17,SUMO,"Sumo Logic, Inc."
2020-09-18,ATHA,"LeonaBio, Inc."
2020-09-18,CMPS,COMPASS Pathways plc
2020-09-23,BSY,BENTLEY SYSTEMS INC
2020-09-23,GDRX,"GoodRx Holdings, Inc."
2020-09-23,LSF,"Laird Superfood, Inc."
2020-09-24,TSHA,"Taysha Gene Therapies, Inc."
2020-09-25,AMST,Amesite Inc.
2020-09-25,GLSI,"Greenwich LifeSciences, Inc."
2020-09-25,GRAY,"CalciMedica, Inc."
2020-09-25,PMVP,"PMV Pharmaceuticals, Inc."
2020-09-25,PRLD,Prelude Therapeutics Inc
2020-09-25,SYTA,"Core AI Holdings, Inc."
2020-09-25,VIAO,VIA optronics AG
2020-09-29,ORPH,STRATEGIC PARTNERS A/S
2020-09-30,ASAN,"Asana, Inc."
2020-09-30,BQ,Boqii Holding Ltd
2020-09-30,CD,Chindata Group Holdings Ltd
2020-09-30,YALA,Yalla Group Ltd
2020-10-01,AVO,"Mission Produce, Inc."
2020-10-01,LUNG,Pulmonx Corp
2020-10-01,LXEH,Lixiang Education Holding Co. Ltd.
2020-10-01,THRY,"Thryv Holdings, Inc."
2020-10-02,ASO,"Academy Sports & Outdoors, Inc."
2020-10-02,CCCC,"C4 Therapeutics, Inc."
2020-10-02,IMNM,Immunome Inc.
2020-10-07,SQFT,"Presidio Property Trust, Inc."
2020-10-08,AZYO,ELUTIA INC.
2020-10-08,FUBO,fuboTV Inc.
2020-10-09,IH,iHuman Inc.
2020-10-09,KRON,"Kronos Bio, Inc."
2020-10-09,SPRB,"SPRUCE BIOSCIENCES, INC."
2020-10-09,STTK,"Shattuck Labs, Inc."
2020-10-14,CDAK,"Codiak BioSciences, Inc."
2020-10-15,ARRY,"Array Technologies, Inc."
2020-10-15,EBC,"Eastern Bankshares, Inc."
2020-10-15,MNSO,MINISO Group Holding Ltd
2020-10-16,ALGS,"Aligos Therapeutics, Inc."
2020-10-16,KRBP,"Kiromic Biopharma, Inc."
2020-10-16,OPT,Opthea Ltd
2020-10-16,PRAX,"Praxis Precision Medicines, Inc."
2020-10-16,TARS,"Tarsus Pharmaceuticals, Inc."
2020-10-20,HLXA,MoonLake Immunotherapeutics
2020-10-21,MSP,DATTO HOLDING CORP.
2020-10-21,YGMZ,MingZhu Logistics Holdings Ltd
2020-10-22,ABCM,Abcam PLC
2020-10-22,GHLD,Guild Holdings Co
2020-10-22,MCFE,McAfee Corp.
2020-10-23,FHTX,Foghorn Therapeutics Inc.
2020-10-28,BDSX,BIODESIX INC
2020-10-28,GATO,"Gatos Silver, Inc."
2020-10-28,MAX,"MediaAlpha, Inc."
2020-10-28,ROOT,"Root, Inc."
2020-10-29,ALGM,"ALLEGRO MICROSYSTEMS, INC."
2020-10-29,GLTO,"Damora Therapeutics, Inc."
2020-10-29,LESL,"Leslie's, Inc."
2020-10-30,SQZ,SQZ Biotechnologies Co
2020-11-17,DGNS,CVENT HOLDING CORP.
2020-11-19,NGMS,Neo Group Ltd
2020-11-19,OLMA,"Olema Pharmaceuticals, Inc."
2020-11-19,TLS,TELOS CORP
2020-11-19,YSG,Yatsen Holding Ltd
2020-11-20,LSAQ,"Science 37 Holdings, Inc."
2020-11-20,MRVI,"MARAVAI LIFESCIENCES HOLDINGS, INC."
2020-11-20,SHC,Sotera Health Co
2020-11-24,HFEN,Alset Inc.
2020-11-24,OZON,Ozon Holdings PLC
2020-11-25,LIXT,"LIXTE BIOTECHNOLOGY HOLDINGS, INC."
2020-12-03,KNTE,Kinnate Biopharma Inc.
2020-12-04,SBTX,"ARS Pharmaceuticals, Inc."
2020-12-04,SGTX,"Sigilon Therapeutics, Inc."
2020-12-04,YQ,17 Education & Technology Group Inc.
2020-12-09,AI,"C3.ai, Inc."
2020-12-09,DASH,"DoorDash, Inc."
2020-12-09,PUBM,"PubMatic, Inc."
2020-12-10,ABNB,"Airbnb, Inc."
2020-12-10,HYFM,"HYDROFARM HOLDINGS GROUP, INC."
2020-12-11,ABCL,AbCellera Biologics Inc.
2020-12-11,CERT,"Certara, Inc."
2020-12-11,FDMT,"4D Molecular Therapeutics, Inc."
2020-12-11,NBTX,Nanobiotix S.A.
2020-12-11,VVOS,"Vivos Therapeutics, Inc."
2020-12-15,OCG,Oriental Culture Holding LTD
2020-12-16,BCAB,"BioAtla, Inc."
2020-12-16,SCPS,Scopus Biopharma Inc.
2020-12-16,UPST,"Upstart Holdings, Inc."
2020-12-16,WISH,ContextLogic Inc.
2020-12-17,MDWT,MIDWEST HOLDING INC.
2020-12-17,VIRI,"Dogwood Therapeutics, Inc."
2020-12-18,MASS,908 Devices Inc.
2020-12-23,GBS,INTELLIGENT BIO SOLUTIONS INC.
2020-12-23,IKT,"Inhibikase Therapeutics, Inc."
2020-12-29,MRM,Medirom Healthcare Technologies Inc.
2021-01-07,AGCB,Altimeter Growth Corp. 2
2021-01-08,CGEM,"Cullinan Therapeutics, Inc."
2021-01-08,GRCL,Gracell Biotechnologies Inc.
2021-01-12,KUKE,Kuke Music Holding Ltd
2021-01-12,QLI,BGM Group Ltd.
2021-01-13,AFRM,"Affirm Holdings, Inc."
2021-01-13,MSGM,Motorsport Games Inc.
2021-01-13,UGRO,"urban-gro, Inc."
2021-01-14,POSH,"Poshmark, Inc."
2021-01-14,WOOF,"Petco Health & Wellness Company, Inc."
2021-01-15,DRVN,Driven Brands Holdings Inc.
2021-01-15,PLTK,Playtika Holding Corp.
2021-01-15,TBA,Thoma Bravo Advantage
2021-01-21,DFH,"Dream Finders Homes, Inc."
2021-01-21,MYTE,LuxExperience B.V.
2021-01-22,HUDI,"Huadi International Group Co., Ltd."
2021-01-22,MNTK,"Montauk Renewables, Inc."
2021-01-22,PAX,Patria Investments Ltd
2021-01-22,RLX,RLX Technology Inc.
2021-01-26,BTNB,Bridgetown 2 Holdings Ltd
2021-01-26,EZGO,EZGO Technologies Ltd.
2021-01-27,HCAQ,"Hyperfine, Inc."
2021-01-27,SHLS,"Shoals Technologies Group, Inc."
2021-01-27,TIRX,TIAN RUIXIANG HOLDINGS LTD
2021-01-28,AGFY,"RYTHM, Inc."
2021-01-28,OCDX,Ortho Clinical Diagnostics Holdings plc
2021-01-28,VINP,Vinci Compass Investments Ltd.
2021-01-28,XM,Qualtrics International Inc.
2021-01-28,ZIM,ZIM Integrated Shipping Services Ltd.
2021-01-29,HMPT,Home Point Capital Inc.
2021-01-29,NLSP,NewcelX Ltd.
2021-02-03,ONTF,ON24 INC.
2021-02-03,TIXT,TELUS International (Cda) Inc.
2021-02-04,ATC,Atotech Ltd
2021-02-04,LABP,"Landos Biopharma, Inc."
2021-02-04,SANA,"Sana Biotechnology, Inc."
2021-02-04,SNSE,"Faeth Therapeutics, Inc."
2021-02-05,ANGN,"Elicio Therapeutics, Inc."
2021-02-05,BOLT,"Bolt Biotherapeutics, Inc."
2021-02-05,CNEY,CN ENERGY GROUP. INC.
2021-02-05,EVAX,Evaxion A/S
2021-02-05,FWAA,"SmartRent, Inc."
2021-02-05,LHDX,"Lucira Health, Inc."
2021-02-05,PHVS,Pharvaris N.V.
2021-02-05,TERN,"Terns Pharmaceuticals, Inc."
2021-02-08,BAOS,Baosheng Media Group Holdings Ltd
2021-02-09,ADAG,Adagene Inc.
2021-02-09,RAAS,Cloopen Group Holding Ltd
2021-02-09,SDH,E-Power Inc.
2021-02-10,BPTS,Biophytis SA
2021-02-10,DSP,Viant Technology Inc.
2021-02-10,VLON,"GRI Bio, Inc."
2021-02-11,BMBL,Bumble Inc.
2021-02-11,BVS,Bioventus Inc.
2021-02-11,LDI,"loanDepot, Inc."
2021-02-11,SGFY,"Signify Health, Inc."
2021-02-12,DBTX,"Decibel Therapeutics, Inc."
2021-02-12,LGVN,Longeveron Inc.
2021-02-12,NEXI,"NexImmune, Inc."
2021-02-12,TLIS,Talis Biomedical Corp
2021-02-17,AUUD,AUDDIA INC.
2021-02-17,FSII,"PARDES BIOSCIENCES, INC."
2021-02-17,VRPX,"Virpax Pharmaceuticals, Inc."
2021-02-18,WGLD,wShares Enhanced Gold ETF
2021-03-04,INNV,InnovAge Holding Corp.
2021-03-09,GROY,Gold Royalty Corp.
2021-03-09,SVFB,SVF Investment Corp. 2
2021-03-09,SVFC,Symbotic Inc.
2021-03-10,RBLX,Roblox Corp
2021-03-11,CPNG,"Coupang, Inc."
2021-03-11,FHS,"First High-School Education Group Co., Ltd."
2021-03-12,JOAN,JOANN Inc.
2021-03-12,LBPH,"Longboard Pharmaceuticals, Inc."
2021-03-12,MITC,Steakholder Foods Ltd.
2021-03-17,JWEL,Jowell Global Ltd.
2021-03-17,OLO,Olo Inc.
2021-03-17,SNCY,"Sun Country Airlines Holdings, LLC"
2021-03-18,GANX,"Gain Therapeutics, Inc."
2021-03-18,NAPA,"Duckhorn Portfolio, Inc."
2021-03-18,RACB,Research Alliance Corp. II
2021-03-18,TUYA,Tuya Inc.
2021-03-18,VEI,VINE ENERGY INC.
2021-03-19,AFCG,Advanced Flower Capital Inc.
2021-03-19,CNTB,Connect Biopharma Holdings Ltd
2021-03-19,FNCH,"Finch Therapeutics Group, Inc."
2021-03-19,TIL,"Instil Bio, Inc."
2021-03-23,MOVE,"Corvex, Inc."
2021-03-23,UPC,Universe Pharmaceuticals INC
2021-03-24,ACVA,ACV Auctions Inc.
2021-03-24,DOCN,"DigitalOcean Holdings, Inc."
2021-03-24,KVSB,"Nextdoor Holdings, Inc."
2021-03-25,CRCT,"Cricut, Inc."
2021-03-25,DSEY,"Diversey Holdings, Ltd."
2021-03-25,EEIQ,EpicQuest Education Group International Ltd
2021-03-25,LVTX,LAVA Therapeutics NV
2021-03-25,OLK,Olink Holding AB (publ)
2021-03-25,VZIO,Vizio Holding Corp.
2021-03-25,WMPN,William Penn Bancorporation
2021-03-26,ALHC,"Alignment Healthcare, Inc."
2021-03-26,DSGN,"Design Therapeutics, Inc."
2021-03-26,EWTX,"Edgewise Therapeutics, Inc."
2021-03-26,IKNA,"ImageneBio, Inc."
2021-03-26,TDUP,ThredUp Inc.
2021-03-26,ZH,Zhihu Inc.
2021-03-30,TWOA,two
2021-03-31,ACHL,Achilles Therapeutics plc
2021-04-01,COMP,"Compass, Inc."
2021-04-01,EM,Smart Share Global Ltd
2021-04-01,KARO,Karooooo Ltd.
2021-04-01,ULCC,"Frontier Group Holdings, Inc."
2021-04-06,UTME,UTime Ltd
2021-04-09,RPHM,"OnKure Therapeutics, Inc."
2021-04-09,TPGS,TPG Pace Solutions Corp.
2021-04-09,VECT,VectivBio Holding AG
2021-04-14,ALKT,"ALKAMI TECHNOLOGY, INC."
2021-04-14,COIN,"Coinbase Global, Inc."
2021-04-14,YTPG,TPG Pace Beneficial II Corp.
2021-04-15,AGL,"agilon health, inc."
2021-04-15,APP,Applovin Corp
2021-04-15,EBET,"EBET, Inc."
2021-04-15,KRT,Karat Packaging Inc.
2021-04-15,TSP,CreateAI Holdings Inc
2021-04-16,AKYA,"Akoya Biosciences, Inc."
2021-04-16,BMEA,"Biomea Fusion, Inc."
2021-04-16,RXRX,"RECURSION PHARMACEUTICALS, INC."
2021-04-20,IFBD,"Infobird Co., Ltd"
2021-04-20,TRKA,"Troika Media Group, Inc."
2021-04-21,DV,"DoubleVerify Holdings, Inc."
2021-04-21,PATH,"UiPath, Inc."
2021-04-21,SKYT,"SkyWater Technology, Inc"
2021-04-22,KNBE,"KnowBe4, Inc."
2021-04-22,NPCE,NeuroPace Inc
2021-04-22,ZY,Zymergen Inc.
2021-04-23,AGTI,"AGILITI, INC. \DE"
2021-04-23,IMPL,IPI Legacy Liquidation Co
2021-04-23,RAIN,Rain Oncology Inc.
2021-04-23,SWIM,"Latham Group, Inc."
2021-04-23,TMCI,"TREACE MEDICAL CONCEPTS, INC."
2021-04-28,FTCI,"FTC Solar, Inc."
2021-04-29,AVAH,"Aveanna Healthcare Holdings, Inc."
2021-04-29,PRVA,"Privia Health Group, Inc."
2021-04-30,HOWL,"Werewolf Therapeutics, Inc."
2021-04-30,VACC,Barinthus Biotherapeutics plc.
2021-05-04,ALF,"Alfi, Inc."
2021-05-05,FSBC,FIVE STAR BANCORP
2021-05-05,HNST,"Honest Company, Inc."
2021-05-06,VALN,Valneva SE
2021-05-07,ANEB,"Anebulo Pharmaceuticals, Inc."
2021-05-07,BWMN,Bowman Consulting Group Ltd.
2021-05-07,OG,Onion Global Ltd
2021-05-07,TALS,"Tourmaline Bio, Inc."
2021-05-07,WDH,Waterdrop Inc.
2021-05-11,FLGC,ZeroStack Corp.
2021-05-12,GLBE,Global-E Online Ltd.
2021-05-12,SMWB,SIMILARWEB LTD.
2021-05-14,DBGI,"Digital Brands Group, Inc."
2021-05-14,EJH,E-Home Household Service Holdings Ltd
2021-05-14,VERA,"Vera Therapeutics, Inc."
2021-05-18,JZXN,"Jiuzi Holdings, Inc."
2021-05-19,SQSP,"Squarespace, Inc."
2021-05-20,OTLY,Oatly Group AB
2021-05-25,FWAC,Mobile Infrastructure Corp
2021-05-26,DYNS,"Senti Biosciences Holdings, Inc."
2021-05-26,PAY,"Paymentus Holdings, Inc."
2021-05-26,ZIP,"ZIPRECRUITER, INC."
2021-05-27,DAWN,"Day One Biopharmaceuticals, Inc."
2021-05-27,FIGS,"FIGS, Inc."
2021-05-27,OMIC,"Singular Genomics Systems, Inc."
2021-05-28,CNTA,Centessa Pharmaceuticals plc
2021-06-03,DLO,dLocal Ltd
2021-06-08,ZME,Zhangmen Education Inc.
2021-06-09,ISAA,Iron Spark I Inc.
2021-06-09,MQ,"Marqeta, Inc."
2021-06-10,DIBS,"1stdibs.com, Inc."
2021-06-10,LFST,"LifeStance Health Group, Inc."
2021-06-10,MNDY,monday.com Ltd.
2021-06-10,ZETA,Zeta Global Holdings Corp.
2021-06-11,BZ,Kanzhun Ltd
2021-06-11,JANX,"Janux Therapeutics, Inc."
2021-06-11,SBEV,"SPLASH BEVERAGE GROUP, INC."
2021-06-11,TASK,"TaskUs, Inc."
2021-06-15,ALZN,"Alzamend Neuro, Inc."
2021-06-16,CNVY,"Convey Health Solutions Holdings, Inc."
2021-06-16,MOLN,MOLECULAR PARTNERS AG
2021-06-16,WKME,WalkMe Ltd.
2021-06-17,ISPC,iSpecimen Inc.
2021-06-17,LYEL,"Lyell Immunopharma, Inc."
2021-06-17,VERV,"Verve Therapeutics, Inc."
2021-06-18,AMAM,"Ambrx Biopharma Cayman, Inc."
2021-06-18,ATAI,Atai Beckley N.V.
2021-06-18,CYT,"Cyteir Therapeutics, Inc."
2021-06-18,DNAY,Telesis Bio Inc.
2021-06-18,FEMY,FEMASYS INC
2021-06-18,IPSC,"Century Therapeutics, Inc."
2021-06-18,RERE,ATRenew Inc.
2021-06-22,YMM,Full Truck Alliance Co. Ltd.
2021-06-23,CXM,"Sprinklr, Inc."
2021-06-23,FA,FIRST ADVANTAGE CORP
2021-06-24,BHG,"NeueHealth, Inc."
2021-06-24,BON,Bon Natural Life Ltd
2021-06-24,CFLT,"Confluent, Inc."
2021-06-24,DOCS,"Doximity, Inc."
2021-06-24,GLUE,"Monte Rosa Therapeutics, Inc."
2021-06-24,GRVI,"UPEXI, INC."
2021-06-24,MIRO,Miromatrix Medical Inc.
2021-06-25,ACXP,"Acurx Pharmaceuticals, Inc."
2021-06-25,ELEV,"Elevation Oncology, Inc."
2021-06-25,GHRS,GH Research PLC
2021-06-25,GMVD,G Medical Innovations Holdings Ltd.
2021-06-25,GRPH,"Lenz Therapeutics, Inc."
2021-06-25,MF,Missfresh Ltd
2021-06-25,TKNO,"Alpha Teknova, Inc."
2021-06-29,DDL,Dingdong (Cayman) Ltd
2021-06-29,IAUM,iShares Gold Trust Micro
2021-06-30,AVTE,"Jade Biosciences, Inc."
2021-06-30,CPOP,"Pop Culture Group Co., Ltd"
2021-06-30,CVRX,"CVRx, Inc."
2021-06-30,DIDI,DiDi Global Inc.
2021-06-30,DNAA,"Akili, Inc."
2021-06-30,DNAB,Social Capital Suvretta Holdings Corp. II
2021-06-30,DNAC,PROKIDNEY CORP.
2021-06-30,DNAD,Social Capital Suvretta Holdings Corp. IV
2021-06-30,IAS,INTEGRAL AD SCIENCE HOLDING CORP.
2021-06-30,INTA,"Intapp, Inc."
2021-06-30,LZ,"LEGALZOOM.COM, INC."
2021-06-30,S,"SentinelOne, Inc."
2021-07-01,ABOS,"Acumen Pharmaceuticals, Inc."
2021-07-01,CURV,Torrid Holdings Inc.
2021-07-01,DNUT,"Krispy Kreme, Inc."
2021-07-01,EVCM,EverCommerce Inc.
2021-07-01,HEPS,D-MARKET Electronic Services & Trading
2021-07-01,WAVE,Eco Wave Power Global AB (publ)
2021-07-02,NYXH,Nyxoah SA
2021-07-08,AGRI,AVAX ONE TECHNOLOGY LTD.
2021-07-08,ALCC,Oklo Inc.
2021-07-08,MITQ,MOVING iMAGE TECHNOLOGIES INC.
2021-07-09,RNAZ,"Transcode Therapeutics, Inc."
2021-07-09,SNTG,Sentage Holdings Inc.
2021-07-13,NECB,"NorthEast Community Bancorp, Inc./MD/"
2021-07-13,UNCY,"Unicycive Therapeutics, Inc."
2021-07-14,IINN,QTREX Quantum Ltd.
2021-07-15,CULL,"Cullman Bancorp, Inc. /MD/"
2021-07-15,FXLV,F45 Training Holdings Inc.
2021-07-15,MCG,Soho House & Co Inc.
2021-07-15,PBBK,"PB Bankshares, Inc."
2021-07-15,PECO,"Phillips Edison & Company, Inc."
2021-07-15,RPID,"RAPID MICRO BIOSYSTEMS, INC."
2021-07-15,SERA,"SERA PROGNOSTICS, INC."
2021-07-15,SGHT,"Sight Sciences, Inc."
2021-07-15,TCBS,"Texas Community Bancshares, Inc."
2021-07-16,BLFY,Blue Foundry Bancorp
2021-07-16,BLND,"Blend Labs, Inc."
2021-07-16,BRDG,Bridge Investment Group Holdings Inc.
2021-07-16,ERAS,"Erasca, Inc."
2021-07-16,IMGO,"Imago BioSciences, Inc."
2021-07-16,RGC,Regencell Bioscience Holdings Ltd
2021-07-16,STVN,Stevanato Group S.p.A.
2021-07-16,TCRX,"TScan Therapeutics, Inc."
2021-07-20,HCWB,HCW Biologics Inc.
2021-07-21,TCBC,"TC Bancshares, Inc."
2021-07-21,VEEE,"Twin Vee PowerCats, Co."
2021-07-21,VTEX,VTEX
2021-07-22,ABSI,AbSci Corp
2021-07-22,BASE,"Couchbase, Inc."
2021-07-22,RYAN,"RYAN SPECIALTY HOLDINGS, INC."
2021-07-22,ZENV,Zenvia Inc.
2021-07-22,ZVIA,Zevia PBC
2021-07-23,CNM,"Core & Main, Inc."
2021-07-23,CTKB,"Cytek BioSciences, Inc."
2021-07-23,GAMB,Gambling.com Group Ltd
2021-07-23,OB,Teads Holding Co.
2021-07-23,SOPH,SOPHiA GENETICS SA
2021-07-23,XPOF,"Xponential Fitness, Inc."
2021-07-27,CADL,"Candel Therapeutics, Inc."
2021-07-28,DUOL,"Duolingo, Inc."
2021-07-28,MLNK,"MeridianLink, Inc."
2021-07-28,PWSC,"POWERSCHOOL HOLDINGS, INC."
2021-07-28,SNPO,Snap One Holdings Corp.
2021-07-29,COOK,"Traeger, Inc."
2021-07-29,HOOD,"Robinhood Markets, Inc."
2021-07-29,ICVX,"Icosavax, Inc."
2021-07-29,NUVL,"Nuvalent, Inc."
2021-07-29,RLYB,Rallybio Corp
2021-07-29,RSKD,RISKIFIED LTD.
2021-07-30,DOLE,Dole plc
2021-07-30,IMRX,Immuneering Corp
2021-07-30,INAB,"IN8BIO, INC."
2021-07-30,MXCT,"MAXCYTE, INC."
2021-07-30,OMGA,"Omega Therapeutics, Inc."
2021-07-30,RANI,"Rani Therapeutics Holdings, Inc."
2021-07-30,RXST,"RxSight, Inc."
2021-07-30,TNYA,"Tenaya Therapeutics, Inc."
2021-08-03,ABVC,"ABVC BIOPHARMA, INC."
2021-08-05,EWCZ,"European Wax Center, Inc."
2021-08-05,OBT,"Orange County Bancorp, Inc. /DE/"
2021-08-06,ADGI,"Invivyd, Inc."
2021-08-10,ELYM,"Climb Bio, Inc."
2021-08-12,SSBK,"Southern States Bancshares, Inc."
2021-08-13,DATS,"Myseum.AI, Inc."
2021-08-13,DRMA,"Dermata Therapeutics, Inc."
2021-08-26,RNXT,"RenovoRx, Inc."
2021-08-27,SQL,ATLANTIC INTERNATIONAL CORP.
2021-08-31,DDI,"DoubleDown Interactive Co., Ltd."
2021-09-14,SRAD,Sportradar Group AG
2021-09-15,BROS,Dutch Bros Inc.
2021-09-15,DH,Definitive Healthcare Corp.
2021-09-15,DICE,"DICE Therapeutics, Inc."
2021-09-15,EZFL,"NEXTNRG, INC."
2021-09-15,KTTA,Pasithea Therapeutics Corp.
2021-09-15,ONON,On Holding AG
2021-09-15,PRCT,PROCEPT BioRobotics Corp
2021-09-15,TWKS,"Thoughtworks Holding, Inc."
2021-09-15,TYRA,"Tyra Biosciences, Inc."
2021-09-16,ACT,"Enact Holdings, Inc."
2021-09-16,FORG,"ForgeRock, Inc."
2021-09-22,AKA,A.K.A. BRANDS HOLDING CORP.
2021-09-22,TOST,"Toast, Inc."
2021-09-23,ARBK,Argo Blockchain Plc
2021-09-23,BRLT,"Brilliant Earth Group, Inc."
2021-09-23,ESMT,"EngageSmart, Inc."
2021-09-23,RELY,"Remitly Global, Inc."
2021-09-23,SOVO,"Sovos Brands, Inc."
2021-09-23,THRN,"Thorne Healthtech, Inc."
2021-09-24,CWAN,"Clearwater Analytics Holdings, Inc."
2021-09-24,HLTH,Cue Health Inc.
2021-09-28,AMPL,"Amplitude, Inc."
2021-09-29,MEKA,MELI Kaszek Pioneer Corp
2021-09-29,WRBY,Warby Parker Inc.
2021-09-30,OLPX,"OLAPLEX HOLDINGS, INC."
2021-10-01,EXAI,Exscientia plc
2021-10-01,FWRG,"First Watch Restaurant Group, Inc."
2021-10-01,NTRB,Nutriband Inc.
2021-10-01,TDCX,TDCX Inc.
2021-10-06,VLCN,Empery Digital Inc.
2021-10-07,LTH,"Life Time Group Holdings, Inc."
2021-10-07,THRX,"Theseus Pharmaceuticals, Inc."
2021-10-08,CGTX,COGNITION THERAPEUTICS INC
2021-10-08,ISO,IsoPlexis Corp
2021-10-08,PYXS,"Pyxis Oncology, Inc."
2021-10-13,AVDX,"AvidXchange Holdings, Inc."
2021-10-13,BBLG,Bone Biologics Corp
2021-10-13,CLST,"Catalyst Bancorp, Inc."
2021-10-13,HCTI,"Healthcare Triangle, Inc."
2021-10-14,GTLB,Gitlab Inc.
2021-10-14,IHS,IHS Holding Ltd
2021-10-14,LUCD,Lucid Diagnostics Inc.
2021-10-15,FNA,"Paragon 28, Inc."
2021-10-15,INKT,"MiNK Therapeutics, Inc."
2021-10-18,OZ,"Belpointe PREP, LLC"
2021-10-20,CNTX,Context Therapeutics Inc.
2021-10-20,CYN,Cyngn Inc.
2021-10-20,SDIG,"Stronghold Digital Mining, Inc."
2021-10-21,COCO,"Vita Coco Company, Inc."
2021-10-21,ENFN,"Enfusion, Inc."
2021-10-21,PTLO,Portillo's Inc.
2021-10-21,PX,"Ridgepost Capital, Inc."
2021-10-21,VTYX,"Ventyx Biosciences, Inc."
2021-10-22,ARIS,"Aris Water Solutions, Inc."
2021-10-22,UTRS,MINERVA SURGICAL INC
2021-10-22,XLO,"Xilio Therapeutics, Inc."
2021-10-27,AIP,"Arteris, Inc."
2021-10-27,INFA,Informatica Inc.
2021-10-27,MRAI,"Marpai, Inc."
2021-10-27,RENT,"Rent the Runway, Inc."
2021-10-28,DTC,"Solo Brands, Inc."
2021-10-28,FLNC,"Fluence Energy, Inc."
2021-10-28,GFS,GLOBALFOUNDRIES Inc.
2021-10-29,AIRS,"Airsculpt Technologies, Inc."
2021-10-29,AURA,"Aura Biosciences, Inc."
2021-10-29,BFRI,Biofrontera Inc.
2021-10-29,SONX,"Sonendo, Inc."
2021-10-29,TRDA,"Entrada Therapeutics, Inc."
2021-10-29,UDMY,"Udemy, Inc."
2021-11-01,LIAN,LianBio
2021-11-03,BIRD,"Smartbird, Inc."
2021-11-03,CMTG,"Claros Mortgage Trust, Inc."
2021-11-04,ARHS,"Arhaus, Inc."
2021-11-04,CDRE,"Cadre Holdings, Inc."
2021-11-04,EVO,Evotec SE
2021-11-04,MDXH,MDxHealth SA
2021-11-04,NRDS,"NERDWALLET, INC."
2021-11-05,CIAN,Cian PLC
2021-11-05,IOBT,"IO Biotech, Inc."
2021-11-05,MYNZ,Quantum Cyber N.V.
2021-11-05,RGF,"Real Good Food Company, Inc."
2021-11-09,HTZ,"HERTZ GLOBAL HOLDINGS, INC"
2021-11-09,SOPA,SOCIETY PASS INCORPORATED.
2021-11-09,STRN,"Stran & Company, Inc."
2021-11-09,TCBX,"Third Coast Bancshares, Inc."
2021-11-10,BJDX,"Bluejay Diagnostics, Inc."
2021-11-10,CINT,CI&T Inc
2021-11-10,EXFY,"Expensify, Inc."
2021-11-10,RIVN,"Rivian Automotive, Inc. / DE"
2021-11-11,BEAT,"HeartBeam, Inc."
2021-11-11,BLZE,"Backblaze, Inc."
2021-11-11,PIK,KIDPIK CORP.
2021-11-11,TIVC,"Valion Bio, Inc."
2021-11-11,VAXX,"Vaxxinity, Inc."
2021-11-11,WBEV,"Winc, Inc."
2021-11-11,WEAV,"Weave Communications, Inc."
2021-11-12,BTBD,"BT Brands, Inc."
2021-11-12,MYNA,Mynaric AG
2021-11-17,BRZE,"Braze, Inc."
2021-11-17,IREN,IREN Ltd
2021-11-17,SEV,Sono Group N.V.
2021-11-18,SG,"Sweetgreen, Inc."
2021-11-19,AHI,Advanced Health Intelligence Ltd
2021-11-19,LITM,Frontier Nuclear & Minerals Inc.
2021-11-24,AERC,"Molekule Group, Inc."
2021-12-08,CING,Cingulate Inc.
2021-12-08,REFI,"Chicago Atlantic Real Estate Finance, Inc."
2021-12-09,HCP,"HashiCorp, Inc."
2021-12-09,NRSN,NeuroSense Therapeutics Ltd.
2021-12-14,VINE,"AMAZE HOLDINGS, INC."
2021-12-15,GNTA,Genenta Science S.p.A.
2021-12-15,IOT,Samsara Inc.
2021-12-16,BNOX,Neuphoria Therapeutics Inc.
2021-12-16,IMMX,"Immix Biopharma, Inc."
2021-12-22,NXGL,"NEXGEL, INC."
2022-01-07,AMLX,"Amylyx Pharmaceuticals, Inc."
2022-01-07,CINC,"CinCor Pharma, Inc."
2022-01-07,VIGL,"Vigil Neuroscience, Inc."
2022-01-12,HILS,"Canton Strategic Holdings, Inc."
2022-01-13,CFSB,"CFSB Bancorp, Inc. /MA/"
2022-01-13,TPG,TPG Inc.
2022-01-13,WEIX,Dynamic Shares Trust
2022-01-18,TKLF,"Tokyo Lifestyle Co., Ltd."
2022-01-19,NSTS,"NSTS Bancorp, Inc."
2022-01-25,FGI,FGI Industries Ltd.
2022-01-27,CRDO,Credo Technology Group Holding Ltd
2022-01-27,KSCP,"Knightscope, Inc."
2022-02-02,MTEK,Maris Tech Ltd.
2022-02-04,ACLX,"Arcellx, Inc."
2022-02-04,NVCT,"Nuvectis Pharma, Inc."
2022-02-10,SKYX,SKYX Platforms Corp.
2022-02-11,DRCT,"Direct Digital Holdings, Inc."
2022-02-11,MDV,"MODIV INDUSTRIAL, INC."
2022-02-11,TCBP,TC BioPharm (Holdings) plc
2022-02-16,MHUA,"Meihua International Medical Technologies Co., Ltd."
2022-02-16,SMFL,"SMART FOR LIFE, INC."
2022-02-18,BWV,"Onconetix, Inc."
2022-03-15,AKAN,AKANDA CORP.
2022-03-25,ANTX,"AN2 Therapeutics, Inc."
2022-03-25,LCFY,Locafy Ltd
2022-03-31,RVSN,Rail Vision Ltd.
2022-04-01,XPON,Expion360 Inc.
2022-04-12,GNS,Genius Group Ltd
2022-04-13,APLD,Applied Digital Corp.
2022-04-13,EE,"Excelerate Energy, Inc."
2022-04-14,STSS,"SkyAI, Inc."
2022-04-22,ACON,"Aclarion, Inc."
2022-04-22,JCSE,JE Cleantech Holdings Ltd
2022-04-27,OST,"Ostin Technology Group Co., Ltd."
2022-04-27,TNON,"Tenon Medical, Inc."
2022-04-29,BLTE,"BELITE BIO, INC"
2022-04-29,HLVX,"HilleVax, Inc."
2022-05-04,AUST,Austin Gold Corp.
2022-05-05,EDBL,Edible Garden AG Inc
2022-05-06,BLCO,Bausch & Lomb Corp
2022-05-06,PEPG,PepGen Inc.
2022-05-13,PFHC,ProFrac Holding Corp.
2022-05-17,BGXX,Bright Green Corp
2022-05-17,OKYO,OKYO Pharma Ltd
2022-05-25,BNRG,Brenmiller Energy Ltd.
2022-06-01,TOP,TOP Financial Group Ltd
2022-06-03,SVRE,SaverOne 2014 Ltd.
2022-06-08,PEV,PHOENIX MOTOR INC.
2022-06-15,HSCS,HeartSciences Inc.
2022-06-15,LYT,Lytus Technologies Holdings PTV. Ltd.
2022-06-22,GSUN,Golden Sun Technology Group Ltd.
2022-06-28,IE,Ivanhoe Electric Inc.
2022-07-12,NA,Nano Labs Ltd
2022-07-13,ILAG,Intelligent Living Application Group Inc.
2022-07-15,HKD,AMTD Digital Inc.
2022-07-21,VRAX,Virax Biolabs Group Ltd
2022-07-28,ECBK,"ECB Bancorp, Inc. /MD/"
2022-07-28,MAIA,"MAIA Biotechnology, Inc."
2022-07-29,MGAM,"Mobile Global Esports, Inc."
2022-08-03,BRSH,Bruush Oral Care Inc.
2022-08-05,MEGL,Magic Empire Global Ltd
2022-08-11,TGL,TREASURE GLOBAL INC
2022-08-12,CHG,LUXURBAN HOTELS INC.
2022-08-12,FRZA,"Forza X1, Inc."
2022-08-12,REBN,"Reborn Coffee, Inc."
2022-08-15,LUCY,Innovative Eyewear Inc
2022-08-18,GCT,GigaCloud Technology Inc
2022-08-23,STBX,Starbox Group Holdings Ltd.
2022-08-25,MOB,Mobilicom Ltd
2022-08-26,JZ,Jianzhi Education Technology Group Co Ltd
2022-08-26,ONFO,"Onfolio Holdings, Inc"
2022-08-26,PXMD,"Kuvatris Therapeutics, Inc."
2022-08-30,HPCO,"Hempacco Co., Inc."
2022-08-31,SHPH,"Shuttle Pharmaceuticals Holdings, Inc."
2022-09-01,BIAF,"bioAffinity Technologies, Inc."
2022-09-09,YOSH,Vestand Inc.
2022-09-13,WLDS,Wearable Devices Ltd.
2022-09-14,LNKB,"LINKBANCORP, Inc."
2022-09-15,CRBG,"Corebridge Financial, Inc."
2022-09-15,THRD,"Third Harmonic Bio, Inc."
2022-09-16,DEFI,Teucrium Commodity Trust
2022-09-16,NXL,"Nexalin Technology, Inc."
2022-09-27,AMV,"Nxu, Inc."
2022-09-30,LASE,Laser Photonics Corp
2022-10-13,CTM,"Castellum, Inc."
2022-10-20,PRME,"Prime Medicine, Inc."
2022-11-10,ASPI,ASP Isotopes Inc.
2022-11-10,SNAL,"Snail, Inc."
2022-11-11,ATAT,Atour Lifestyle Holdings Ltd
2022-11-15,ACRV,"Acrivon Therapeutics, Inc."
2022-12-09,JEWL,Adamas One Corp.
2022-12-14,RAYA,Erayak Power Solution Group Inc.
2022-12-20,LIPO,LIPELLA PHARMACEUTICALS INC.
2022-12-29,COYA,"Coya Therapeutics, Inc."
2023-01-13,MGOL,MGO Global Inc.
2023-01-13,SKWD,"Skyward Specialty Insurance Group, Inc."
2023-01-20,CVKD,"Cadrenal Therapeutics, Inc."
2023-01-25,QSG,Here Group Ltd
2023-01-26,GNLX,GENELUX Corp
2023-01-27,BREA,Brera Holdings PLC
2023-01-27,TXO,"TXO Partners, L.P."
2023-02-03,ASST,"Strive, Inc."
2023-02-06,LICN,Lichen International Ltd
2023-02-09,HSAI,Hesai Group
2023-02-09,LSDI,"Lucy Scientific Discovery, Inc."
2023-02-09,NXT,Nextpower Inc.
2023-02-10,ENLT,Enlight Renewable Energy Ltd.
2023-02-10,MLYS,"Mineralys Therapeutics, Inc."
2023-02-14,BFRG,"BullFrog AI Holdings, Inc."
2023-02-15,NFTG,GAXOS.AI INC.
2023-03-09,AESI,AESI Holdings Inc.
2023-03-09,AIXI,Xiao-I Corp
2023-03-15,IZM,ICZOOM Group Inc.
2023-03-16,ICG,Intchains Group Ltd
2023-03-21,MGRX,"MANGOCEUTICALS, INC."
2023-03-21,OMH,Ohmyhome Ltd
2023-03-23,BANL,CBL International Ltd
2023-03-28,YGF,"YanGuFang International Group Co., Ltd"
2023-03-28,ZJYL,Jin Medical International Ltd.
2023-03-29,HLP,Hongli Group Inc.
2023-03-30,CHSN,Chanson International Holding
2023-03-31,HKIT,HiTek Global Inc.
2023-03-31,HSHP,Himalaya Shipping Ltd.
2023-03-31,SFWL,SHENGFENG DEVELOPMENT Ltd
2023-03-31,SYT,"SYLA Technologies Co., Ltd."
2023-04-03,MWG,Multi Ways Holdings Ltd
2023-04-04,MGIH,Millennium Group International Holdings Ltd
2023-04-05,ARBB,ARB IOT Group Ltd
2023-04-12,GDHG,GOLDEN HEAVEN GROUP HOLDINGS LTD.
2023-04-13,VCIG,VCI Global Ltd
2023-04-14,GDTC,CytoMed Therapeutics Ltd
2023-04-18,TCJH,Top KingWin Ltd
2023-04-18,TPET,Trio Petroleum Corp
2023-04-20,USGO,U.S. GoldMining Inc.
2023-04-20,WLGS,"WANG & LEE GROUP, Inc."
2023-04-21,JYD,Jayud Global Logistics Ltd
2023-05-04,KVUE,Kenvue Inc.
2023-05-05,SLRN,"ACELYRIN, Inc."
2023-05-16,SGE,"Strong Global Entertainment, Inc."
2023-05-17,CWD,CaliberCos Inc.
2023-05-18,MGRM,Monogram Technologies Inc.
2023-06-15,CAVA,"CAVA GROUP, INC."
2023-06-16,BOF,BranchOut Food Inc.
2023-06-28,GENK,"GEN Restaurant Group, Inc."
2023-06-29,FIHL,Pelagos Insurance Capital Ltd
2023-06-29,KGS,"Kodiak Gas Services, Inc."
2023-06-29,SVV,"Savers Value Village, Inc."
2023-06-30,INTS,"INTENSITY THERAPEUTICS, INC."
2023-06-30,VTMX,"Vesta Real Estate Corporation, S.A.B. de C.V."
2023-07-06,PWM,Aurelion Inc.
2023-07-12,SXTP,"60 DEGREES PHARMACEUTICALS, INC."
2023-07-14,APGE,"Apogee Therapeutics, Inc."
2023-07-14,SGMT,Sagimet Biosciences Inc.
2023-07-19,ODD,Oddity Tech Ltd
2023-07-21,TSBX,Turnstone Biologics Corp.
2023-07-25,ELWS,Perpetuals.com Ltd
2023-07-25,WRNT,WARRANTEE INC.
2023-07-27,PRZO,ParaZero Technologies Ltd.
2023-07-27,SRFM,SURF AIR MOBILITY INC.
2023-08-01,BVFL,"BV Financial, Inc."
2023-08-01,CTNT,CHEETAH NET SUPPLY CHAIN SERVICE INC.
2023-08-01,PXDT,"PIXIE DUST TECHNOLOGIES, INC."
2023-08-03,MIRA,"MIRA PHARMACEUTICALS, INC."
2023-08-08,FTEL,GMEX Robotics Corp
2023-08-09,NRXS,"Neuraxis, INC"
2023-08-15,SPGC,"Newton Golf Company, Inc."
2023-08-15,SRM,Tron Inc.
2023-08-17,SEZL,Sezzle Inc.
2023-08-30,IVP,"INSPIRE VETERINARY PARTNERS, INC."
2023-09-07,SWIN,"Solowin Holdings, Ltd."
2023-09-12,NWGL,CL Workshop Group Ltd
2023-09-13,SPPL,SIMPPLE LTD.
2023-09-14,ARM,ARM HOLDINGS PLC /UK
2023-09-15,NMRA,"Neumora Therapeutics, Inc."
2023-09-15,RYZB,"RayzeBio, Inc."
2023-09-19,CART,Maplebear Inc.
2023-09-19,DTCK,DAVIS COMMODITIES Ltd
2023-09-20,KVYO,"Klaviyo, Inc."
2023-09-20,SRBK,"SR Bancorp, Inc."
2023-09-21,MDBH,"MDB Capital Holdings, LLC"
2023-09-22,TURB,"Turbo Energy, S.A."
2023-09-27,LRE,"LEAD REAL ESTATE CO., LTD"
2023-09-28,VSME,VS MEDIA Holdings Ltd
2023-09-29,ANL,Adlai Nortye Ltd.
2023-09-29,SYRA,Syra Health Corp
2023-10-05,MSS,Maison Solutions Inc.
2023-10-09,GPAK,Gamer Pakistan Inc
2023-10-10,GMM,Global Mofy AI Ltd
2023-10-10,LRHC,La Rosa Holdings Corp.
2023-10-10,PMEC,Primech Holdings Ltd
2023-10-11,ATPC,Agape ATP Corp
2023-10-11,BIRK,Birkenstock Holding plc
2023-10-19,NCL,Northann Corp.
2023-10-19,WBUY,WEBUY GLOBAL LTD
2023-10-20,ABVX,Abivax S.A.
2023-10-20,CPBI,"Central Plains Bancshares, Inc."
2023-10-23,AIRE,reAlpha Tech Corp.
2023-10-31,ATGL,Alpha Technology Group Ltd
2023-11-01,PAPL,Pineapple Financial Inc.
2023-11-03,LXEO,"Lexeo Therapeutics, Inc."
2023-11-08,GVH,Globavend Holdings Ltd
2023-11-10,CRGX,"CARGO Therapeutics, Inc."
2023-11-10,HG,"Hamilton Insurance Group, Ltd."
2023-11-14,SGN,"Signing Day Sports, Inc."
2023-11-14,SHIM,Shimmick Corp
2023-11-17,DDC,DDC Enterprise Ltd
2023-11-21,ELAB,PMGC Holdings Inc.
2023-11-30,FEBO,Fenbo Holdings Ltd
2023-12-14,INHD,INNO HOLDINGS INC.
2023-12-15,ZKH,ZKH Group Ltd
2023-12-19,LGCB,Linkage Global Inc
2023-12-28,NBBK,"NB Bancorp, Inc."
